,lead_id,lead_indicator,date_part,source,customer_group,onboarding,customer_code
0,2,0.0,2024-01-06,signup,5,True,AAAEJOLSFX
1,10,,,,,,AACEDUWABX
2,13,,,,,,AAJURHRBIM
3,17,,,,,,AAMFOUYNWS
4,19,,,,,,AAXKODEIPG
5,22,,,,,,ABDZNSNDWE
6,27,,,,,,ABKNDWRTIM
7,28,,,,,,ABTSQBEZQR
8,29,,,,,,ABVBRHFQEU
9,30,,,,,,ABWJHHOOBT
10,32,,,,,,ABYRDNVMHG
11,33,,,,,,ACFSSZZNVZ
12,36,,,,,,ACGNMOMNLJ
13,38,,,,,,ACJHDYBUCE
14,40,,,,,,ACJJTWTJOQ
15,41,,,,,,ACXCBUSBJL
16,43,,,,,,ACYPUVHSOW
17,44,,,,,,ADFDXVYUVU
18,49,,,,,,ADKNQXITXD
19,55,,,,,,AEDBKAEPDM
20,57,,,,,,AEGDZBQHKR
21,58,,,,,,AEMGNGUOJT
22,61,,,,,,AEMOQPZTTB
23,68,,,,,,AFDHDEINEJ
24,72,,,,,,AFDIUPZXKT
25,87,,,,,,AFRHWOMSUN
26,88,,,,,,AGASPSNLCF
27,93,,,,,,AGJLWXBXYN
28,95,,,,,,AGKFSPREAL
29,97,,,,,,AGVKVNBNXN
30,104,,,,,,AGXCHWVNUU
31,107,,,,,,AIBXDAMJDE
32,109,,,,,,AIEGGEZJQZ
33,110,,,,,,AIGRJOYFEM
34,112,,,,,,AILCVRCBNV
35,116,,,,,,AINJTQPECE
36,126,,,,,,AIPNAALQUK
37,130,,,,,,AIZFXXNYVF
38,133,,,,,,AJNLYNBTPO
39,141,,,,,,AJPXNEYHEH
40,142,,,,,,AJTXKCIAPG
41,146,,,,,,AKFUINNLTI
42,148,,,,,,AKIQWCJTOO
43,152,,,,,,AKJLYQPNXV
44,160,,,,,,AKRULLBMLT
45,167,,,,,,ALBWFMQLGR
46,169,,,,,,ALFDMXVQXB
47,183,,,,,,ALLOPYHURT
48,185,,,,,,ALOKFRULOE
49,186,,,,,,ALRDCIXDLP
50,188,,,,,,ALVSZMFNUD
51,189,,,,,,ALWLXUCJVH
52,190,,,,,,ALZAHKARTP
53,191,,,,,,AMRPNFCPFD
54,194,,,,,,AMZNKKRAIL
55,197,,,,,,ANBQIPAHZW
56,200,,,,,,ANMRFMEGKW
57,204,,,,,,ANOEFYIWKP
58,211,,,,,,ANVCOQDWPG
59,212,,,,,,ANWRDPGYOA
60,213,,,,,,ANYOCIVWDQ
61,214,,,,,,ANZGRDYZMK
62,215,,,,,,AODLYRTAZM
63,221,,,,,,AOHSFVONKA
64,227,,,,,,AOJOQKQQOI
65,230,,,,,,AOOQECTXNK
66,234,,,,,,AORSCBDFWI
67,235,,,,,,AOVNSAMSSC
68,240,,,,,,APEPRZYWCZ
69,246,,,,,,AQFDMJSFVI
70,250,,,,,,AQKPRASGCO
71,252,,,,,,AQNYIPNNJA
72,253,,,,,,AQWDAKSOVU
73,256,,,,,,ARBQLFMROQ
74,259,,,,,,ARDJDQNFMO
75,267,,,,,,ARSOKBHOCJ
76,268,,,,,,ARUGZCRPFT
77,270,,,,,,ASEHVFRQUJ
78,272,,,,,,ASFMLLWFAX
79,275,,,,,,ASITRGWDPW
80,276,,,,,,ASJJJHZNME
81,279,,,,,,ASKTAZLRMK
82,281,,,,,,ASKUWRHHUA
83,286,,,,,,ASQRIGQLZF
84,293,,,,,,ASTTQPJFVJ
85,301,,,,,,ASVDFOXQWI
86,306,,,,,,ASWCJXLGPN
87,314,,,,,,ASWNZHCIVS
88,316,,,,,,ATCBABUBAX
89,320,,,,,,ATDYCZHSUY
90,321,,,,,,ATPZDOMIUK
91,326,,,,,,ATQPRIAYRB
92,327,,,,,,ATZJUIKWHH
93,338,,,,,,AUQSSLXIYU
94,345,,,,,,AVEFHMGARP
95,347,,,,,,AVJPLTKLOI
96,349,,,,,,AVOZVAAWCN
97,352,,,,,,AVWWOBYOXR
98,353,,,,,,AVZSCKPGSK
99,360,,,,,,AWCKWXRNBI
100,362,,,,,,AWIIFECOAC
101,367,,,,,,AWJJKEGORU
102,370,,,,,,AWVFUNTVVG
103,373,,,,,,AWVISZDZIR
104,374,,,,,,AWVYJVIBSP
105,382,,,,,,AXEMDGWYMU
106,385,,,,,,AXJTLZRQMB
107,388,,,,,,AXKEWVWUZT
108,391,,,,,,AXPCPYENRC
109,400,,,,,,AXUXDIPEYL
110,401,,,,,,AYAVVZAMGV
111,404,,,,,,AYDALARNFJ
112,406,,,,,,AYFDKJINMM
113,419,,,,,,AYFZBCRVKX
114,423,,,,,,AYGRLHZREK
115,426,,,,,,AYPCNDSEGM
116,427,,,,,,AYRUCECIZZ
117,430,,,,,,AYUDXPKKST
118,432,,,,,,AZNCEGLPMQ
119,436,,,,,,AZNNYQESJM
120,438,,,,,,BAEFLAWBAC
121,445,,,,,,BAIDUPSSXP
122,449,,,,,,BATUWIYLQE
123,451,,,,,,BAVWGRIWSQ
124,452,,,,,,BBPYZBLGJF
125,459,,,,,,BBRMJIJJBF
126,463,,,,,,BBSEAEVOWC
127,501,,,,,,BBVQLLAFLU
128,505,,,,,,BCDUZLIKWP
129,512,,,,,,BCFMVSUKMG
130,519,,,,,,BCLJERHNNE
131,523,,,,,,BCSMSZZGRV
132,525,,,,,,BCWKBSICHS
133,526,,,,,,BDMHEGMOLF
134,527,,,,,,BDQKEYUSMI
135,528,,,,,,BDSHYGTJZZ
136,530,,,,,,BDXILDGXBW
137,533,,,,,,BEALQNRXTS
138,534,,,,,,BEJHIHWRCW
139,537,,,,,,BEPVNVXCTM
140,539,,,,,,BETIPFHVRC
141,557,,,,,,BEWTJMIMIQ
142,558,,,,,,BFAGATXFHL
143,566,,,,,,BFZWCEHBEF
144,575,,,,,,BFZWUUEYBN
145,576,,,,,,BGBNDCQYRP
146,580,,,,,,BGHBIIIEDS
147,582,,,,,,BGQCBPBXYL
148,592,,,,,,BGQNNVRTDH
149,593,,,,,,BGYBNEELRK
150,598,,,,,,BHGFXSMMSW
151,599,,,,,,BHKTGWTMNB
152,602,,,,,,BHMDIOJTFQ
153,605,,,,,,BIAZHJUHGM
154,611,,,,,,BICMLSSZCV
155,614,,,,,,BIESEPTJIG
156,616,,,,,,BIGXSVKKAE
157,619,,,,,,BIHFEVBUIM
158,624,,,,,,BIOPNRCSEL
159,625,,,,,,BJABGDADPB
160,627,,,,,,BJAJOQRSIH
161,632,,,,,,BJBCDMUDAU
162,640,,,,,,BJJTTCCJHA
163,642,,,,,,BJWRUYAAIV
164,643,,,,,,BKGMCQZUFK
165,654,,,,,,BKLTCXBPQT
166,658,,,,,,BKNMMLKNGV
167,671,,,,,,BKPPEAYDFC
168,690,,,,,,BLCQHUCGJI
169,698,,,,,,BLEBOOJNQU
170,704,,,,,,BLIOFLRGFP
171,706,,,,,,BLPBCNIBEU
172,708,,,,,,BMBYXDIGRM
173,710,,,,,,BMMAQTPZTE
174,715,,,,,,BMQGCCZBEB
175,718,,,,,,BMTIJIHXDF
176,720,,,,,,BNHMAJOBLH
177,723,,,,,,BNJNDMKIOK
178,737,,,,,,BNSNYCLELS
179,740,,,,,,BNWPLDENZX
180,741,,,,,,BOEUIUJQED
181,745,,,,,,BOHKVNEGOJ
182,758,,,,,,BOKAWMIRXF
183,759,,,,,,BOOEINYNSA
184,762,,,,,,BOQYPHGPIS
185,771,,,,,,BOUMAKKJER
186,774,,,,,,BOWBRMAGUR
187,776,,,,,,BPCDMHWZRD
188,779,,,,,,BPFAREWMBX
189,781,,,,,,BPKYWJAQZH
190,786,,,,,,BPPXOIIDJV
191,789,,,,,,BPQXMGSSGK
192,791,,,,,,BQFYBZYOKG
193,794,,,,,,BQJQQSKNSJ
194,797,,,,,,BQZHIBAFJM
195,802,,,,,,BRZUKIQSDO
196,807,,,,,,BSCHNVVTQI
197,813,,,,,,BSLYHDQMIT
198,816,,,,,,BSMKYLHCBL
199,821,,,,,,BSPVRFJUIZ
200,831,,,,,,BSUAPJSXPG
201,835,,,,,,BSVQCCQWWD
202,836,,,,,,BTCIBDXITO
203,838,,,,,,BTDCFQUACC
204,839,,,,,,BTJKEVSCSH
205,842,,,,,,BTUFOWBOYX
206,850,,,,,,BTZVDYPLSV
207,860,,,,,,BUCJOWBXEF
208,865,,,,,,BUIGGUFKBN
209,866,,,,,,BUTHEPVFAK
210,870,,,,,,BVEZRKEXHZ
211,880,,,,,,BVHHYVZTZJ
212,883,,,,,,BVNPQZEVLA
213,888,,,,,,BVPJZVTACD
214,890,,,,,,BVQXNYGBPO
215,892,,,,,,BVVFJGRFTI
216,893,,,,,,BVXFSVTUQH
217,895,,,,,,BVYFMMNPUE
218,900,,,,,,BWKSTABDJH
219,915,,,,,,BXXUIJYZOA
220,919,,,,,,BYALBNXSUG
221,921,,,,,,BYLIOIAFUO
222,923,,,,,,BYWSRMMRXV
223,926,,,,,,BZBRQDXNDI
224,927,,,,,,BZGZYJSVQL
225,928,,,,,,BZHNHXCHNL
226,929,,,,,,BZJCNBMXML
227,934,,,,,,BZPNZECNBF
228,940,,,,,,BZSPGCIHEB
229,941,,,,,,BZWBSWNEWW
230,943,,,,,,CACUQOBFTN
231,944,,,,,,CAMTALIHGK
232,945,,,,,,CBFBCEAFOG
233,946,,,,,,CBGIAMEUOU
234,949,,,,,,CBGNYSREOX
235,952,,,,,,CBIBPLRFWO
236,957,,,,,,CBRIAYNGFL
237,958,,,,,,CBSTKJVEMD
238,960,,,,,,CBXMLAOIOT
239,969,,,,,,CCBDRTHLBO
240,970,,,,,,CCCYRKIYLD
241,973,,,,,,CCDDIXBQGA
242,974,,,,,,CCEMRNNMRB
243,983,,,,,,CCFBJJPCJF
244,988,,,,,,CCGKXELDPQ
245,993,,,,,,CCQBOPRSCA
246,995,,,,,,CDATBCLTFJ
247,997,,,,,,CDAUIRILEZ
248,999,,,,,,CDEWOREWVL
249,1004,,,,,,CDHJCEZUJM
250,1008,,,,,,CDIRHFEQYG
251,1009,,,,,,CDJQTAQOWJ
252,1028,,,,,,CDKVWATLEX
253,1036,,,,,,CDMRIQDYVL
254,1038,,,,,,CDNSRERPLZ
255,1052,,,,,,CDPRIHODCC
256,1057,,,,,,CDVGLDDPLR
257,1058,,,,,,CEDWZBKFLE
258,1062,,,,,,CEEADFHMTM
259,1063,,,,,,CEHMACKJTM
260,1065,,,,,,CELUJDWQTL
261,1068,,,,,,CEPCYMALNL
262,1070,,,,,,CFBQCXWTIT
263,1082,,,,,,CFSFIFSZGU
264,1087,,,,,,CFVVVSWJEO
265,1091,,,,,,CFYAKRQGVK
266,1092,,,,,,CFYSGXNLBM
267,1093,,,,,,CGBIECEJPX
268,1095,,,,,,CGMXKOHQAY
269,1115,,,,,,CGRPMCTXGI
270,1117,,,,,,CGSKURLYFH
271,1122,,,,,,CGVNDCEJOA
272,1123,,,,,,CGWEZDOGPJ
273,1126,,,,,,CGXJYOONML
274,1127,,,,,,CGZDTQFRZG
275,1134,,,,,,CGZYPVGZLK
276,1135,,,,,,CHECIYKDNZ
277,1142,,,,,,CHFPXMSBSM
278,1143,,,,,,CHQHMZZKDQ
279,1151,,,,,,CIDTDILZFD
280,1157,,,,,,CIGRZGAIZE
281,1169,,,,,,CIOZZKWTAZ
282,1174,,,,,,CIXKQEUISQ
283,1176,,,,,,CIZVFVPDDC
284,1194,,,,,,CJFXKDQDVH
285,1199,,,,,,CJLCZJWFPZ
286,1200,,,,,,CJRQGWTDCS
287,1201,,,,,,CJUVQIDPDK
288,1202,,,,,,CJVHKBASLT
289,1217,,,,,,CKBWQKSODK
290,1233,,,,,,CKSBLSAACM
291,1237,,,,,,CLYLQBATJZ
292,1241,,,,,,CMDLWSPMOC
293,1248,,,,,,CMKJNOOXVB
294,1258,,,,,,CMLEBNZBVN
295,1261,,,,,,CMNXJCHIIP
296,1266,,,,,,CMRDMTZINL
297,1269,,,,,,CMRGDHXBOJ
298,1270,,,,,,CMRSEYDUVF
299,1281,,,,,,CMVMLBXEEP
300,1285,,,,,,CNFMTURVSJ
301,1289,,,,,,CNGHVSGEHT
302,1290,,,,,,CNJXQAOGBF
303,1291,,,,,,CNKVNFRBSZ
304,1292,,,,,,CNMXFDKUGP
305,1297,,,,,,CNMYAAOJRR
306,1300,,,,,,CNNNKVXVBZ
307,1302,,,,,,CNXVEQQZDT
308,1304,,,,,,CNZYDETMTH
309,1305,,,,,,COCWCZCONN
310,1306,,,,,,CODRVMCHBD
311,1311,,,,,,COGAXYVMUI
312,1313,,,,,,COMPDTKJOV
313,1315,,,,,,COOSDUFZWH
314,1317,,,,,,COPHYJRPQJ
315,1322,,,,,,COQGIQDKJZ
316,1325,,,,,,CPADDAXJVL
317,1331,,,,,,CPJESSEHWT
318,1336,,,,,,CPOMUHDNVW
319,1340,,,,,,CQCMUDXNEP
320,1344,,,,,,CQOGTSRHCK
321,1345,,,,,,CQSNPZWGJX
322,1360,,,,,,CRJUHNYWZX
323,1363,,,,,,CRTWSFCJJR
324,1368,,,,,,CSIBPZBGGE
325,1383,,,,,,CSNOODQHKV
326,1385,,,,,,CSSGPUDVIM
327,1386,,,,,,CSWFAAPBFO
328,1395,,,,,,CSXGVSSOJV
329,1397,,,,,,CTNILAXOVM
330,1398,,,,,,CTQRHKUXCW
331,1399,,,,,,CTTBPSFQGY
332,1400,,,,,,CTXZCNDXGX
333,1401,,,,,,CUCAVXIQOK
334,1411,,,,,,CUOGTVGVLJ
335,1414,,,,,,CUQBDWZXOU
336,1416,,,,,,CUXXJVSUNY
337,1417,,,,,,CVDLNKPPCO
338,1419,,,,,,CVDUJCGNRJ
339,1429,,,,,,CVKVGJEZHP
340,1430,,,,,,CVXWXWYATY
341,1436,,,,,,CWDPPGXZCV
342,1443,,,,,,CWHXKIKNAF
343,1444,,,,,,CWZXLFAOYU
344,1453,,,,,,CXAGGSHZNB
345,1458,,,,,,CXCLACMHPP
346,1468,,,,,,CXPYJCJUWP
347,1474,,,,,,CXUUCQWNNU
348,1480,,,,,,CXXPPNMNPH
349,1489,,,,,,CXXQLRLVKZ
350,1492,,,,,,CYBJFLAPBI
351,1493,,,,,,CYKOEPSGQY
352,1496,,,,,,CYLYITSAQY
353,1500,,,,,,CYOEMXTHWP
354,1501,,,,,,CYPDWXUHHG
355,1502,,,,,,CZNJHKWNSM
356,1506,,,,,,CZQFRJIYDU
357,1513,,,,,,CZVKDNIWVH
358,1514,,,,,,CZVZHLBZOP
359,1516,,,,,,CZWDIPNQCA
360,1518,,,,,,CZWHKTCMPH
361,1521,,,,,,CZXUXVUJEL
362,1523,,,,,,CZZOSZWVNK
363,1524,,,,,,DABOAFDXJR
364,1526,,,,,,DAKDGKNZUT
365,1528,,,,,,DAKKNIKEBB
366,1529,,,,,,DASPVBQIKK
367,1532,,,,,,DAZVFCVSIP
368,1537,,,,,,DBAFTOJTZS
369,1539,,,,,,DBGGTLGAJH
370,1543,,,,,,DBMQVILOCG
371,1546,,,,,,DBNPTKRCHC
372,1547,,,,,,DCJFAVZEWB
373,1549,,,,,,DCTOQRHMJE
374,1553,,,,,,DDCILAYYFO
375,1560,,,,,,DDHEHZJPWI
376,1561,,,,,,DDPTGQIQWT
377,1562,,,,,,DDQMLAMHMO
378,1564,,,,,,DDUUCIWXSX
379,1579,,,,,,DDVNFBYRLL
380,1580,,,,,,DECGSJHVOT
381,1583,,,,,,DEEEWCFWJZ
382,1588,,,,,,DEFCDZVBZE
383,1596,,,,,,DEGZJMUPSD
384,1598,,,,,,DEIHQQKSFJ
385,1615,,,,,,DESIMKOMNP
386,1618,,,,,,DEXIQJBGBQ
387,1622,,,,,,DFEAJEQZPR
388,1627,,,,,,DFESMERZAY
389,1629,,,,,,DFQJENGJJL
390,1631,,,,,,DFSUMGNCSD
391,1632,,,,,,DFTXRDDCHH
392,1636,,,,,,DFZUECACTO
393,1642,,,,,,DGDWVAUZGN
394,1647,,,,,,DGKKRFRFWB
395,1653,,,,,,DGSQSVPPBU
396,1656,,,,,,DGTXJMGFUU
397,1657,,,,,,DGZOLTZPYY
398,1661,,,,,,DHKTVUNNUJ
399,1663,,,,,,DHSDDIQPQU
400,1672,,,,,,DHSKWPYDQT
401,1675,,,,,,DICEOFHERD
402,1677,,,,,,DICVSVGRUI
403,1678,,,,,,DIEBKIQXIE
404,1682,,,,,,DIHYBREBOI
405,1685,,,,,,DIKIPERNSN
406,1688,,,,,,DIOXHHUTJN
407,1704,,,,,,DIZUQQWZVD
408,1706,,,,,,DIZVUCIXFY
409,1709,,,,,,DJCUUWTCOT
410,1713,,,,,,DJEALFKUOZ
411,1722,,,,,,DJRJKEBERP
412,1723,,,,,,DKBMXACNRB
413,1731,,,,,,DKBYBGODOX
414,1735,,,,,,DKEWMFJLDR
415,1739,,,,,,DKEZPQOXOA
416,1740,,,,,,DKKQATLGKB
417,1741,,,,,,DLAGTTYUOP
418,1744,,,,,,DLDWGVGYYJ
419,1747,,,,,,DLGWZPMZYG
420,1750,,,,,,DLIBPQHLYE
421,1758,,,,,,DLMBXPSIGW
422,1761,,,,,,DLOHSRXRMY
423,1764,,,,,,DLVODZPRHG
424,1768,,,,,,DMAMZYYJVB
425,1772,,,,,,DMHMMMYBLQ
426,1776,,,,,,DMIUYWKJSQ
427,1777,,,,,,DNGAQVVEDN
428,1778,,,,,,DNZYBFEQQX
429,1782,,,,,,DOCRQVFMKQ
430,1784,,,,,,DODAAYGQUV
431,1787,,,,,,DOKJWLIUTG
432,1805,,,,,,DOKUSCZWXZ
433,1809,,,,,,DOWLVYREJN
434,1811,,,,,,DPBBOHDAWE
435,1812,,,,,,DPMGZUQRTD
436,1818,,,,,,DPMYZYLIZA
437,1819,,,,,,DPPFRZWOON
438,1823,,,,,,DPPVGLIHPY
439,1825,,,,,,DPQSHBGZDG
440,1828,,,,,,DPZDWMXKRZ
441,1829,,,,,,DQBBZCLEKF
442,1831,,,,,,DQDFQJFORJ
443,1837,,,,,,DQNNDIJJDL
444,1838,,,,,,DQYNCFTLGX
445,1842,,,,,,DREDMBMPYM
446,1856,,,,,,DSCDRRPAWG
447,1858,,,,,,DSCGRUHWNR
448,1859,,,,,,DSJTTHBCTL
449,1867,,,,,,DSLZDHKWHP
450,1869,,,,,,DSMDIAUJLE
451,1877,,,,,,DSNRRRQTUO
452,1891,,,,,,DSQIAWGTPE
453,1893,,,,,,DSRGYUFDMS
454,1896,,,,,,DSUYFXREVY
455,1899,,,,,,DSUZSKVONE
456,1900,,,,,,DTNKHTUKVK
457,1901,,,,,,DTTDQXBCPA
458,1902,,,,,,DTUFAVWZCM
459,1913,,,,,,DTYRGVFMCK
460,1918,,,,,,DUCIULRGXP
461,1919,,,,,,DUCXIBGBHD
462,1920,,,,,,DUFDNQWJWI
463,1931,,,,,,DUHGAKGTMI
464,1933,,,,,,DUNFDNCKWM
465,1938,,,,,,DUUZAZIEQS
466,1939,,,,,,DUWNGHGQSG
467,1940,,,,,,DVERMSJMZR
468,1943,,,,,,DVOJNYDAEA
469,1944,,,,,,DVQLNMPFWQ
470,1949,,,,,,DVRQFSBYLU
471,1962,,,,,,DVSBBUVEEX
472,1964,,,,,,DWDLBQRRMK
473,1966,,,,,,DWJNPCVIRB
474,1987,,,,,,DWJQWZYQSK
475,1989,,,,,,DWQGOSXCCE
476,2013,,,,,,DWTPUTCLZL
477,2015,,,,,,DWXIZCCODL
478,2019,,,,,,DWYVEJRRSW
479,2024,,,,,,DXDGZUZKUR
480,2026,,,,,,DXTHNNUKHO
481,2043,,,,,,DYKBAKCOVP
482,2046,,,,,,DYSUZSFLAP
483,2054,,,,,,DYTPERKCUL
484,2059,,,,,,DZDBBPIBKR
485,2062,,,,,,DZHTRLDBIX
486,2064,,,,,,DZLHVYHQGM
487,2070,,,,,,DZRUVRWOYK
488,2072,,,,,,DZSDXAFPQO
489,2073,,,,,,DZVLHHJWQQ
490,2074,,,,,,DZYSVLXJYC
491,2089,,,,,,DZZRNKMGIG
492,2104,,,,,,EAFAGAPLXC
493,2107,,,,,,EAGKRTIJYN
494,2108,,,,,,EAPRCDTQJP
495,2110,,,,,,EBAGMAMOTW
496,2111,,,,,,EBJVCQAMWG
497,2112,,,,,,EBWZYCKBBB
498,2114,,,,,,EBXDUNOSNI
499,2115,,,,,,ECAKXMJKWX
500,2121,,,,,,ECCRYEQQHX
501,2123,,,,,,ECSQVRZSXB
502,2134,,,,,,EDPLGSBUNX
503,2138,,,,,,EDVVZCPYNA
504,2141,,,,,,EDWMENKILD
505,2149,,,,,,EDYHSFZGDF
506,2150,,,,,,EEFPHWMQCP
507,2153,,,,,,EENGPKAJHM
508,2156,,,,,,EETDFBLZIT
509,2159,,,,,,EEVMJSSYZS
510,2171,,,,,,EFCXOHOXQM
511,2172,,,,,,EFIUSACWPD
512,2175,,,,,,EFTDSEOKSB
513,2181,,,,,,EGDEWLLBIV
514,2186,,,,,,EGGXLKZHKM
515,2191,,,,,,EGHPUZPFSD
516,2192,,,,,,EGLPETTXMS
517,2194,,,,,,EGQTGSRKXQ
518,2199,,,,,,EGRXHBBJAW
519,2206,,,,,,EGTJJDKHGU
520,2215,,,,,,EGTQWVKKFA
521,2217,,,,,,EHDFVKXMVO
522,2235,,,,,,EHMMMGVKOA
523,2237,,,,,,EHOPLGYDIS
524,2250,,,,,,EHPOOYPCZQ
525,2256,,,,,,EHXSXLSZIY
526,2257,,,,,,EIJXFNUKAB
527,2268,,,,,,EIQHJAMNJJ
528,2276,,,,,,EIUQUSIAUQ
529,2279,,,,,,EJCNCXBOPW
530,2289,,,,,,EJFHZTKJPF
531,2290,,,,,,EJFQSWZBJA
532,2295,,,,,,EJQXKRGXCK
533,2296,,,,,,EJSNQNJKCD
534,2297,,,,,,EJXOLSZJAX
535,2310,,,,,,EKIIBQYDWR
536,2316,,,,,,EKJALPEYFL
537,2317,,,,,,EKMJOCJXOU
538,2321,,,,,,EKVNECEIUE
539,2329,,,,,,ELHBMLSTMV
540,2330,,,,,,ELUKKAXANJ
541,2334,,,,,,EMBHQMSGGF
542,2335,,,,,,EMGJMRXOPJ
543,2338,,,,,,EMMIOPZNWO
544,2339,,,,,,EMUZKNKLJV
545,2343,,,,,,EMWUFOSHVR
546,2365,,,,,,EMZMTQXQMY
547,2366,,,,,,ENPJHYWNVV
548,2369,,,,,,ENRJFZMQNM
549,2374,,,,,,ENTMNADEVU
550,2376,,,,,,EOHPOGBRVK
551,2378,,,,,,EPBNHAVGYI
552,2380,,,,,,EPJEEVITQL
553,2382,,,,,,EPMDFKOEUJ
554,2384,,,,,,EPYJHZSBPZ
555,2392,,,,,,EQBWITRHIZ
556,2402,,,,,,EQOMPRQEWY
557,2405,,,,,,EQRKYOSSEM
558,2416,,,,,,EQRVZDGWUM
559,2422,,,,,,EQTJNXHEAX
560,2424,,,,,,EQVSQHAONR
561,2426,,,,,,ERDGQKGJPP
562,2433,,,,,,ERIKMYGDAL
563,2436,,,,,,ERKNULONYO
564,2438,,,,,,ERUAFIPKDC
565,2443,,,,,,ESEIFXIOPR
566,2444,,,,,,ESKJYWIXDL
567,2446,,,,,,ESLAJOWJEI
568,2447,,,,,,ESNGKFMALU
569,2449,,,,,,ESRCENFMSB
570,2452,,,,,,ESXNZUANNX
571,2455,,,,,,ETCAJJRHIP
572,2459,,,,,,ETCMPIAOPD
573,2464,,,,,,ETDTDQIARU
574,2469,,,,,,ETGKGETTMD
575,2474,,,,,,ETKHGMGKVN
576,2478,,,,,,ETKLNWESNT
577,2482,,,,,,ETLOZOCBFE
578,2489,,,,,,ETLTEZOQWY
579,2504,,,,,,ETZCZTEYFN
580,2508,,,,,,EUDIDVGZVG
581,2509,,,,,,EUFYBAHQRB
582,2514,,,,,,EUNFHIEGWA
583,2516,,,,,,EURCBAZIHI
584,2518,,,,,,EVTHGZMFAZ
585,2520,,,,,,EVTQSTMJAY
586,2532,,,,,,EWFLOYSRTB
587,2535,,,,,,EWGTKWVOIW
588,2545,,,,,,EWZVXUHPBJ
589,2546,,,,,,EXBZLLJMUR
590,2553,,,,,,EXLKCDJNYK
591,2554,,,,,,EXPWINXUAJ
592,2558,,,,,,EXSYJHERVO
593,2560,,,,,,EZALWLBQWP
594,2566,,,,,,EZDRRPTHUS
595,2567,,,,,,EZEXKIELWX
596,2575,,,,,,EZEYLMMXVJ
597,2581,,,,,,EZKOTPAAZU
598,2582,,,,,,EZPHDMBYBO
599,2584,,,,,,EZUJXLGPSL
600,2587,,,,,,FAARBAEYRU
601,2590,,,,,,FADJHIWDFL
602,2591,,,,,,FAFXZEYHBN
603,2594,,,,,,FAGHXBDLTV
604,2596,,,,,,FBGNHJCVCB
605,2598,,,,,,FBHBREWTGP
606,2601,,,,,,FBKLBLYQAZ
607,2608,,,,,,FBNHTELHWK
608,2610,,,,,,FBOBLIOYHV
609,2616,,,,,,FBXLHSNMCU
610,2617,,,,,,FBXSBQDBDE
611,2623,,,,,,FCCLHCCTVY
612,2627,,,,,,FCIPDZJQJY
613,2628,,,,,,FCNTCDPNMW
614,2629,,,,,,FCTNTNZZBJ
615,2630,,,,,,FCVLFDTLDA
616,2637,,,,,,FCVWAEPSKW
617,2640,,,,,,FCYUXYIGGD
618,2641,,,,,,FDBMYCWQUE
619,2644,,,,,,FDHTHYCCNN
620,2662,,,,,,FDHWOIHKSQ
621,2667,,,,,,FDRSCXIBBX
622,2668,,,,,,FEGHLKNARP
623,2669,,,,,,FEPJKOOKKW
624,2673,,,,,,FESGXOUUKL
625,2674,,,,,,FFECHHDHAI
626,2678,,,,,,FFGGNKJORY
627,2679,,,,,,FFIGBNGSHQ
628,2688,,,,,,FFJCRPIHDR
629,2692,,,,,,FFJEKSKWIM
630,2693,,,,,,FFKZJQKJPF
631,2698,,,,,,FFUBCHUAGP
632,2704,,,,,,FFWJYLWETQ
633,2707,,,,,,FGDHDPBTNU
634,2714,,,,,,FGLQBNEHTY
635,2720,,,,,,FGOISQRGOA
636,2721,,,,,,FGRMFXSBOU
637,2723,,,,,,FGZBNRYNOG
638,2728,,,,,,FGZUGTGZPZ
639,2729,,,,,,FHFZVKQTFQ
640,2730,,,,,,FHJSPNAAPM
641,2734,,,,,,FHPYTFPDNK
642,2735,,,,,,FHXAOMNNSA
643,2739,,,,,,FIKYIAHPQJ
644,2740,,,,,,FIQMFJMXFQ
645,2745,,,,,,FIQMPANKNJ
646,2747,,,,,,FIRKVYKSOI
647,2751,,,,,,FISMXFFHJY
648,2753,,,,,,FIXNUHDXPW
649,2758,,,,,,FJCXFSHPMK
650,2763,,,,,,FJDZWJYXSU
651,2771,,,,,,FJERSAZJID
652,2784,,,,,,FJIBTNGVFQ
653,2787,,,,,,FJPJFRMSBU
654,2804,,,,,,FJPJGMJRGE
655,2807,,,,,,FJVIZYAEFN
656,2817,,,,,,FKIVNZSVAU
657,2818,,,,,,FKJLVDJFBH
658,2824,,,,,,FKNJVWPVEQ
659,2829,,,,,,FKSGHUUQQW
660,2831,,,,,,FLFUBWUXIG
661,2832,,,,,,FLSFFRVWWD
662,2833,,,,,,FLXCREYSVB
663,2850,,,,,,FMGAEJTFGI
664,2857,,,,,,FMGLODWJAI
665,2859,,,,,,FMSHKPMNUT
666,2867,,,,,,FMYOJAFZUJ
667,2870,,,,,,FNBWALYWEU
668,2871,,,,,,FNKIQZWTPW
669,2872,,,,,,FNRHBTFPRS
670,2875,,,,,,FOEOLZOFZT
671,2876,,,,,,FOMNAHUVZK
672,2877,,,,,,FOQQXNHQQV
673,2879,,,,,,FOUNMYYFHQ
674,2880,,,,,,FOVYLHGWRW
675,2882,,,,,,FPCEEDREUA
676,2883,,,,,,FPNIDNNWYW
677,2886,,,,,,FQNTVPECHA
678,2887,,,,,,FQQOKOQQXL
679,2890,,,,,,FRGYBJEOKF
680,2892,,,,,,FSIBLEGSKD
681,2896,,,,,,FSIJMXDVMU
682,2898,,,,,,FSKYRENSPU
683,2903,,,,,,FSNNRUBSRQ
684,2911,,,,,,FSSBPGPGSY
685,2914,,,,,,FSUWRNZQET
686,2916,,,,,,FSXSWSYZUJ
687,2918,,,,,,FTWHSBFCLU
688,2919,,,,,,FUAJGVDDJF
689,2920,,,,,,FUSTHTPOIJ
690,2922,,,,,,FUUBKCMADL
691,2923,,,,,,FUWMNBWGNW
692,2924,,,,,,FUZZYFJQPG
693,2925,,,,,,FVIKAFWSNY
694,2934,,,,,,FVJNLYIHQO
695,2940,,,,,,FVMEFVCIYN
696,2953,,,,,,FVOSXZAJXC
697,2956,,,,,,FVRJASOOVI
698,2958,,,,,,FWAMCNBFWK
699,2971,,,,,,FWEZGMZAIE
700,2973,,,,,,FXLINDCLXP
701,2977,,,,,,FXNMMBBZEK
702,2983,,,,,,FXOCDEMHDN
703,2986,,,,,,FXUMCHXGDR
704,2987,,,,,,FXVLGDZPLQ
705,2990,,,,,,FYJKKYYAPR
706,2997,,,,,,FYLBEHOKCE
707,2998,,,,,,FYOETEMEWB
708,3000,,,,,,FYOYWUSZAS
709,3003,,,,,,FYPWIEXLCD
710,3008,,,,,,FYUWNVBNKH
711,3009,,,,,,FYZBTGWHBW
712,3012,,,,,,FZETSGKFXI
713,3014,,,,,,FZHYAADJQE
714,3017,,,,,,FZKUXVSSIY
715,3020,,,,,,FZWEUIYHNH
716,3023,,,,,,GABEBNJLXI
717,3024,,,,,,GALLJIUYAO
718,3028,,,,,,GALYZDOXKT
719,3031,,,,,,GANOKZUHJA
720,3032,,,,,,GBKUHJVHUS
721,3034,,,,,,GBNFFMATUK
722,3036,,,,,,GBOQQZTFHB
723,3038,,,,,,GCEQIFBWMC
724,3040,,,,,,GCIIZJBEAJ
725,3042,,,,,,GDDXICGHEH
726,3044,,,,,,GDHKLCOAZU
727,3045,,,,,,GDMEBGLZFE
728,3049,,,,,,GDQZLIOCWR
729,3050,,,,,,GDRPVPMVTG
730,3053,,,,,,GEKXBVEMOO
731,3060,,,,,,GELHLRACUF
732,3064,,,,,,GENTXWRVFK
733,3065,,,,,,GEPNYAAZSR
734,3069,,,,,,GETTHFHAFZ
735,3078,,,,,,GEZKTJNKPE
736,3083,,,,,,GFXWWTXGKC
737,3092,,,,,,GGFXXCBYCI
738,3094,,,,,,GGLAOITADT
739,3097,,,,,,GHBRMUFJZU
740,3103,,,,,,GHNCYYMMTP
741,3106,,,,,,GHWGFOBAFC
742,3114,,,,,,GIBIFRRMAT
743,3117,,,,,,GJFNBVHURZ
744,3118,,,,,,GJJUVPMKBX
745,3119,,,,,,GJTQDARNQY
746,3120,,,,,,GJUUTJQKSV
747,3124,,,,,,GJVEZDOBLT
748,3129,,,,,,GKIHITQJGU
749,3133,,,,,,GKNVETDHBJ
750,3135,,,,,,GKRZRAHZRE
751,3136,,,,,,GKYCYOPUND
752,3137,,,,,,GLBNJIRCHJ
753,3138,,,,,,GLCVYQSZVP
754,3144,,,,,,GLJNYXWPMV
755,3146,,,,,,GLJSWMIXBE
756,3147,,,,,,GLLZPMGDWI
757,3158,,,,,,GLNRLTZLAV
758,3171,,,,,,GLWOXGBVRO
759,3173,,,,,,GMWEVUCQOA
760,3177,,,,,,GMXEAQAOAY
761,3188,,,,,,GMZNXQFZMZ
762,3191,,,,,,GNDZVVGMOJ
763,3195,,,,,,GNJDENWRYK
764,3198,,,,,,GNKLDUTEZX
765,3200,,,,,,GNNGOXCAPG
766,3209,,,,,,GOBQDIQZOF
767,3214,,,,,,GOGGTKNAMI
768,3215,,,,,,GOUPNNKNGF
769,3216,,,,,,GPANBPLGNY
770,3221,,,,,,GPFMKTEPJQ
771,3224,,,,,,GPHQCQMAPX
772,3231,,,,,,GPZQGUPFJL
773,3234,,,,,,GQAPHMNXBK
774,3258,,,,,,GQKGIDELOD
775,3260,,,,,,GQSYXAOGVB
776,3262,,,,,,GQUNZKDSBV
777,3266,,,,,,GQXXGOMICE
778,3267,,,,,,GRDBMUTEGG
779,3268,,,,,,GRFLLGXKFI
780,3270,,,,,,GRHWTVCXAZ
781,3271,,,,,,GRJODJJLAI
782,3272,,,,,,GRNYTMWKFV
783,3277,,,,,,GRUOPWQOYV
784,3278,,,,,,GSDUMGKKZO
785,3282,,,,,,GSLXOVNNCP
786,3284,,,,,,GSMGYHLUEX
787,3285,,,,,,GSNQUUFPWA
788,3286,,,,,,GSXAXVUFOM
789,3296,,,,,,GSXSVCJTHZ
790,3305,,,,,,GTAQIBEWZJ
791,3321,,,,,,GTIIGDRUOJ
792,3323,,,,,,GUHJUXCUAI
793,3325,,,,,,GUNVFBQZGX
794,3326,,,,,,GUVWKAXSHF
795,3331,,,,,,GUWBQQPESD
796,3334,,,,,,GVEONZLTHP
797,3350,,,,,,GVIKENFAAJ
798,3356,,,,,,GVZQYVYHXC
799,3363,,,,,,GWAFNZUXER
800,3369,,,,,,GWDULVNRYC
801,3373,,,,,,GWEMHRLVWN
802,3374,,,,,,GWFJTZVNJQ
803,3382,,,,,,GWJPJOXKXH
804,3384,,,,,,GWJTIHBCYR
805,3385,,,,,,GWNOZVRSRB
806,3389,,,,,,GWOEZWKYXW
807,3392,,,,,,GWORPODTYF
808,3393,,,,,,GWQWPDNRCH
809,3398,,,,,,GWVOMKMNVV
810,3409,,,,,,GWZEZCVFIE
811,3410,,,,,,GXEFOLHTPO
812,3414,,,,,,GXFLOWQZBT
813,3415,,,,,,GXLGOBWSGK
814,3422,,,,,,GXPZDDWDVT
815,3424,,,,,,GXUPMVDSZQ
816,3425,,,,,,GXWCPZVDHC
817,3429,,,,,,GYCEGUAARE
818,3439,,,,,,GYHFQSCQRQ
819,3440,,,,,,HALZQIJHBT
820,3448,,,,,,HAPEKPSQAS
821,3453,,,,,,HAVYTCWJGT
822,3461,,,,,,HAYIQTDOOL
823,3462,,,,,,HBETTGEYHR
824,3463,,,,,,HBGYOUWFFS
825,3470,,,,,,HBHQOERLHE
826,3478,,,,,,HBNAXBXDFP
827,3479,,,,,,HBNCLHZWAK
828,3483,,,,,,HBNJVOURIO
829,3485,,,,,,HBXNNRNTBN
830,3491,,,,,,HCCUVOFNFM
831,3495,,,,,,HCFTYJYESU
832,3496,,,,,,HCREGJQJFB
833,3499,,,,,,HCWEXRGKXD
834,3504,,,,,,HDEGVLLLJR
835,3515,,,,,,HDFHPVKFSU
836,3518,,,,,,HDTREUUIBU
837,3523,,,,,,HEMAPGTMFR
838,3532,,,,,,HESHWYIAVV
839,3538,,,,,,HFELNNHTEW
840,3542,,,,,,HFJZPDTZWW
841,3544,,,,,,HFKGKUVHCG
842,3546,,,,,,HFXYUQNTLQ
843,3548,,,,,,HGXFZJELII
844,3554,,,,,,HHCOLRGNAV
845,3564,,,,,,HHKDVEJWZE
846,3570,,,,,,HHMMCVJSMA
847,3571,,,,,,HHVDNJFZQU
848,3572,,,,,,HHVZYFEERE
849,3575,,,,,,HHZAADKBJV
850,3579,,,,,,HIGFFFZBXL
851,3584,,,,,,HILSPTSIYF
852,3596,,,,,,HINGPSFRDB
853,3603,,,,,,HIOWAKEDPE
854,3611,,,,,,HITAYUTMFO
855,3613,,,,,,HIUCOLIGHC
856,3615,,,,,,HIYCCDTRVC
857,3621,,,,,,HJHHGYHOOS
858,3622,,,,,,HJLDOUDXLN
859,3624,,,,,,HJPVFTDGAI
860,3625,,,,,,HJYUGBHTAR
861,3628,,,,,,HJZSFDIBMZ
862,3631,,,,,,HKQPLFPOYF
863,3638,,,,,,HKSFUXDZOM
864,3641,,,,,,HLCCNLSQMQ
865,3647,,,,,,HLCXZMGQWK
866,3651,,,,,,HLFVQGPPIO
867,3652,,,,,,HMFVZCVRFY
868,3655,,,,,,HMMFWMRHSF
869,3661,,,,,,HMNFUOVOWZ
870,3672,,,,,,HMWBWLIZXA
871,3675,,,,,,HNCSCUVACM
872,3677,,,,,,HNFWONATIJ
873,3678,,,,,,HNHWICUNVD
874,3679,,,,,,HNKEFGEYSU
875,3682,,,,,,HOHMIPAGJV
876,3692,,,,,,HOIBWAKOLD
877,3693,,,,,,HOJWGSWIGX
878,3695,,,,,,HOKVCXTZAG
879,3702,,,,,,HOVYUZIDIO
880,3703,,,,,,HPDNXLWPMH
881,3705,,,,,,HPJMKSSYSR
882,3707,,,,,,HPNVUGXQYR
883,3711,,,,,,HPROWHSFYX
884,3713,,,,,,HPUNZBRNVF
885,3717,,,,,,HQBUKMOFEG
886,3721,,,,,,HQIHXHWQGG
887,3722,,,,,,HQMHSACEPR
888,3724,,,,,,HQRLHXJKVG
889,3726,,,,,,HQRTGOVLQM
890,3729,,,,,,HQXZWXBSPR
891,3730,,,,,,HRMYUNYBSF
892,3734,,,,,,HRNRQWROFT
893,3735,,,,,,HRVENXNVQF
894,3736,,,,,,HSJNPLNMJE
895,3743,,,,,,HSJRAWICYC
896,3747,,,,,,HSJVHVITCA
897,3749,,,,,,HSNSZMYFJV
898,3765,,,,,,HSOLKWCTHI
899,3768,,,,,,HSQYRPGTMN
900,3770,,,,,,HSULWPWXUQ
901,3791,,,,,,HSVWSGGCDV
902,3792,,,,,,HSXEYVBBHI
903,3794,,,,,,HTERUIZPKJ
904,3795,,,,,,HTGSXPQULO
905,3809,,,,,,HTUIUEAPSS
906,3815,,,,,,HTVOYCAQNA
907,3817,,,,,,HTYWKGXWGS
908,3822,,,,,,HUGEGAFJMC
909,3827,,,,,,HUIMLGLUBR
910,3828,,,,,,HUOSHWZLON
911,3831,,,,,,HUWWMYRIAI
912,3836,,,,,,HVQIUSLAKH
913,3839,,,,,,HVUOQUMBBG
914,3841,,,,,,HVVJRSOYEW
915,3842,,,,,,HWAUMSYTNP
916,3851,,,,,,HWDDRWHCTP
917,3853,,,,,,HWDYYSGJZR
918,3854,,,,,,HWQUBFATPM
919,3855,,,,,,HWTYUNFTTZ
920,3857,,,,,,HXAFYZMHZC
921,3862,,,,,,HXGOWEJBDG
922,3863,,,,,,HXPASTZDXZ
923,3864,,,,,,HXREICAIYJ
924,3866,,,,,,HXRSEUHHLY
925,3876,,,,,,HXSSEVHONE
926,3877,,,,,,HYAKHILAAG
927,3885,,,,,,HYCADOJOGA
928,3887,,,,,,HYDNJAJBXV
929,3890,,,,,,HYENOYJEZK
930,3899,,,,,,HYLNLUHQNC
931,3900,,,,,,HYNSPDAMAD
932,3906,,,,,,HYODHIJZRT
933,3907,,,,,,HYPKHTLAFQ
934,3908,,,,,,HZFVXJXGEL
935,3911,,,,,,HZJCMQWKYD
936,3912,,,,,,HZLJPUTAFJ
937,3919,,,,,,IAIVQNXLUW
938,3921,,,,,,IANHMSKHXJ
939,3927,,,,,,IAPSPPLUZL
940,3928,,,,,,IAUUKYGBQH
941,3938,,,,,,IBQSDBFJZE
942,3948,,,,,,ICDPTWVENR
943,3954,,,,,,ICFDHASCRP
944,3958,,,,,,ICULORHOKI
945,3964,,,,,,IDIGDMVQGK
946,3967,,,,,,IDQAVCIYYV
947,3971,,,,,,IDWAPZEBVK
948,3974,,,,,,IDXEYODXHJ
949,3977,,,,,,IEGWQOTQLP
950,3979,,,,,,IENDWPLOWC
951,3982,,,,,,IEXGHXCYGL
952,3983,,,,,,IEZFZYLBXN
953,3989,,,,,,IFCTVNVWVR
954,3995,,,,,,IFFABNDVAR
955,4000,,,,,,IFLXJVNNDX
956,4005,,,,,,IFNGRTLECD
957,4010,,,,,,IFXIRKHQPW
958,4015,,,,,,IGBRAEXVGD
959,4016,,,,,,IGCIXTLQSM
960,4022,,,,,,IGCRUVGOSP
961,4024,,,,,,IGETTWYIRY
962,4030,,,,,,IGMFOSYPKI
963,4037,,,,,,IGNPHQDUWU
964,4038,,,,,,IGRACZTRUE
965,4042,,,,,,IGRCKRUDNP
966,4047,,,,,,IGVWEEJQMV
967,4048,,,,,,IGXVLHHNQS
968,4071,,,,,,IHGBKFZDVF
969,4075,,,,,,IHGRLMKEYX
970,4076,,,,,,IHICWBXNCK
971,4077,,,,,,IHKKEGWJFN
972,4079,,,,,,IHRULTCIEG
973,4088,,,,,,IHYINFFRJH
974,4096,,,,,,IIALMAJUOU
975,4098,,,,,,IIATISIBRX
976,4103,,,,,,IIMNLYHAOF
977,4104,,,,,,IINVAXVSJQ
978,4109,,,,,,IISCHQFBIE
979,4115,,,,,,IIYVSQVHBP
980,4117,,,,,,IIZPCDFOVT
981,4121,,,,,,IJDNSPVHJA
982,4122,,,,,,IJGSYPFTRI
983,4126,,,,,,IJRNBNTHVQ
984,4136,,,,,,IJXAWEHIWV
985,4142,,,,,,IJXZIYUQDN
986,4146,,,,,,IJZWGWZKTK
987,4151,,,,,,IKILXPPLIC
988,4154,,,,,,IKLMFEYYHN
989,4157,,,,,,IKTJZLFZBL
990,4160,,,,,,ILBYCVCCZP
991,4162,,,,,,ILIGJWOISW
992,4165,,,,,,ILTFLEWDMN
993,4166,,,,,,ILWTLFFGTI
994,4167,,,,,,IMFVCCFBRU
995,4169,,,,,,IMHFUSWNTE
996,4170,,,,,,IMSDFJHRPJ
997,4176,,,,,,IMSTNKMAYE
998,4177,,,,,,IMWGNXGDJL
999,4185,,,,,,IMWPZUHTKZ
1000,4190,,,,,,INBPCXTHDB
1001,4196,,,,,,INDGXRKGGO
1002,4199,,,,,,INETGXZCBY
1003,4200,,,,,,INIQMTGGOO
1004,4204,,,,,,INRLJGMVKR
1005,4205,,,,,,IOATNFQJIR
1006,4206,,,,,,IODVZQOYDV
1007,4208,,,,,,IOHXDYLWNE
1008,4209,,,,,,IOZDGWIBNR
1009,4213,,,,,,IPCGESJGVN
1010,4216,,,,,,IPCMKAZHQO
1011,4225,,,,,,IPFVFVIXTB
1012,4240,,,,,,IPPEBAYARQ
1013,4244,,,,,,IPQMFUFNXZ
1014,4247,,,,,,IPUJISGCJM
1015,4252,,,,,,IPVTOHSOWN
1016,4253,,,,,,IQMLCFDTPR
1017,4268,,,,,,IQODHXIDPC
1018,4270,,,,,,IQPDRMGKJJ
1019,4282,,,,,,IQPJONSAIX
1020,4286,,,,,,IQSELTGQOP
1021,4288,,,,,,IQSYRVYMXN
1022,4297,,,,,,IROQPSWYUC
1023,4299,,,,,,IRXMJUFMIP
1024,4305,,,,,,ISAVQQSOWP
1025,4306,,,,,,ITBKUVTUOL
1026,4308,,,,,,ITBRPMVHZU
1027,4316,,,,,,ITILLUTWLQ
1028,4321,,,,,,ITQUNHYVWL
1029,4322,,,,,,ITTSVDBGAQ
1030,4326,,,,,,ITXSZDVKSX
1031,4328,,,,,,IUHPNZIIWA
1032,4329,,,,,,IULXBBCTSL
1033,4338,,,,,,IUSHWAQWDD
1034,4339,,,,,,IUSQOMFYGS
1035,4340,,,,,,IUSXUOUNSQ
1036,4342,,,,,,IUZVFZXTLD
1037,4346,,,,,,IVAVSZAISB
1038,4348,,,,,,IVBBJUMUZH
1039,4356,,,,,,IVHHPIMLJI
1040,4358,,,,,,IVISXCCGOZ
1041,4362,,,,,,IVKHEBDYIZ
1042,4363,,,,,,IVOEUNRTDE
1043,4364,,,,,,IVTHIZQWYS
1044,4370,,,,,,IVVDWUBJSW
1045,4371,,,,,,IWEFHWEQOD
1046,4375,,,,,,IWFLKDLAPJ
1047,4382,,,,,,IWUTSXBYKH
1048,4383,,,,,,IWXFXKVIIE
1049,4388,,,,,,IXAXKNLXPN
1050,4389,,,,,,IXRMCQJROD
1051,4390,,,,,,IXRSKBZDGM
1052,4392,,,,,,IYNCYSMWUV
1053,4401,,,,,,IYXQSDCIBN
1054,4403,,,,,,IZBIFUHDBB
1055,4409,,,,,,IZCLJSFDQN
1056,4410,,,,,,JAPGALFVIA
1057,4414,,,,,,JAZUUCNIJT
1058,4415,,,,,,JBIJNXCLSV
1059,4418,,,,,,JBJDCNSVYQ
1060,4420,,,,,,JBXZNTYONW
1061,4423,,,,,,JCIEDKMCHM
1062,4429,,,,,,JCRVAOVKNT
1063,4431,,,,,,JCYIPDFKSM
1064,4433,,,,,,JCZLVQQKEW
1065,4439,,,,,,JDFCCVVXIH
1066,4442,,,,,,JDOZXNRUEE
1067,4444,,,,,,JEAQXMIIUD
1068,4448,,,,,,JEBHPWJZKS
1069,4449,,,,,,JELRVEIWTP
1070,4451,,,,,,JETKYIUQUT
1071,4457,,,,,,JEYYWXOWXP
1072,4458,,,,,,JFLRBCHQYR
1073,4459,,,,,,JFSDTHYUTZ
1074,4465,,,,,,JGCVHIYVQN
1075,4472,,,,,,JGFSZJNWNT
1076,4474,,,,,,JGGJJTHPRU
1077,4475,,,,,,JGHRPLVJHQ
1078,4478,,,,,,JGKCKXDUCV
1079,4481,,,,,,JGKHZBJVGN
1080,4482,,,,,,JGMBJYOGLP
1081,4484,,,,,,JGSJSMDCQM
1082,4489,,,,,,JGVFNTNHBN
1083,4490,,,,,,JGXIDQJITC
1084,4493,,,,,,JGXIZDNFGL
1085,4497,,,,,,JHAOJJIWCW
1086,4499,,,,,,JHKXKKHJHS
1087,4502,,,,,,JHKZGNYHBY
1088,4505,,,,,,JHLUZDSKYM
1089,4508,,,,,,JHOIMIOWAQ
1090,4509,,,,,,JHONYSWIIW
1091,4511,,,,,,JHOUMWMRXA
1092,4516,,,,,,JHPZCPJEKQ
1093,4518,,,,,,JHTCCHKVDZ
1094,4521,,,,,,JIEHMTXUCX
1095,4522,,,,,,JIFNPWEUUD
1096,4526,,,,,,JIVFWLYYKT
1097,4535,,,,,,JJCQVKDIXI
1098,4545,,,,,,JJWFTFGCPF
1099,4553,,,,,,JJZKJPOQXT
1100,4558,,,,,,JKWWDZQSAI
1101,4562,,,,,,JKZUPBYFNF
1102,4567,,,,,,JLBUPGBEFP
1103,4569,,,,,,JLEERBNEEM
1104,4571,,,,,,JLMOHYDREA
1105,4577,,,,,,JLRFMDMOXI
1106,4579,,,,,,JLTAHGPYCD
1107,4586,,,,,,JMFONJZUPE
1108,4589,,,,,,JMHUQKZOPW
1109,4605,,,,,,JMOOHGXTWM
1110,4610,,,,,,JMTGMQDPTP
1111,4611,,,,,,JNDGBFIWYA
1112,4614,,,,,,JNELELVHXF
1113,4615,,,,,,JNFVVLCELY
1114,4624,,,,,,JNQQPOSROK
1115,4640,,,,,,JNWPKXCSSO
1116,4641,,,,,,JOBXAGMXRO
1117,4642,,,,,,JOMHBVOZBU
1118,4650,,,,,,JOQCUDQYRB
1119,4653,,,,,,JOUFDIXAWH
1120,4661,,,,,,JPCQXFDVJJ
1121,4663,,,,,,JPFHRDTNBT
1122,4666,,,,,,JPHAGZZIKU
1123,4672,,,,,,JPXOFLDFBY
1124,4674,,,,,,JQBLPRAMCL
1125,4676,,,,,,JQFYLLPHMC
1126,4679,,,,,,JQGSAYRTLZ
1127,4680,,,,,,JQIVUASPUK
1128,4681,,,,,,JQJJBJRGPP
1129,4683,,,,,,JRAIOGTSDO
1130,4704,,,,,,JRCSJQZRQJ
1131,4707,,,,,,JRDHFBNDVQ
1132,4710,,,,,,JSQXSHMBHI
1133,4716,,,,,,JSZCGIXSYF
1134,4718,,,,,,JTGDLMIUSM
1135,4721,,,,,,JUBWQDOQUA
1136,4722,,,,,,JUHFDRFWMA
1137,4726,,,,,,JVGLOIHUBA
1138,4730,,,,,,JVIHQMSTQG
1139,4734,,,,,,JVXMSSXWVN
1140,4744,,,,,,JWCDKWTMHG
1141,4745,,,,,,JWKEEDYOXD
1142,4748,,,,,,JWLXPVANUM
1143,4753,,,,,,JWOTSQWJRX
1144,4758,,,,,,JWWHQFSIOQ
1145,4762,,,,,,JXBHOLPLQA
1146,4763,,,,,,JXCRMBPJYQ
1147,4772,,,,,,JXMJCGFCYM
1148,4779,,,,,,JXODHIHFVI
1149,4786,,,,,,JXWKANDJCR
1150,4787,,,,,,JXZLGUQESY
1151,4788,,,,,,JYDGHGBADV
1152,4792,,,,,,JYFIJESLYA
1153,4799,,,,,,JZCHAPKENI
1154,4803,,,,,,JZCKWUVUMR
1155,4805,,,,,,JZEXSJBXKR
1156,4808,,,,,,JZHQJOIMXM
1157,4810,,,,,,JZMFZTQIJI
1158,4812,,,,,,JZRPUHQNNP
1159,4814,,,,,,JZUSHCNZAY
1160,4815,,,,,,KAQBENMQBO
1161,4817,,,,,,KAXDBJCSDA
1162,4818,,,,,,KBERHWKHPX
1163,4820,,,,,,KBHUJNAYCC
1164,4821,,,,,,KBQXJSRZYQ
1165,4824,,,,,,KCJFHPOGNS
1166,4830,,,,,,KCOFGBIBCI
1167,4833,,,,,,KCSDVIFKHN
1168,4836,,,,,,KCYDWELOJY
1169,4842,,,,,,KCYMGBDYSC
1170,4843,,,,,,KDASUODDGC
1171,4847,,,,,,KDBXMWKDSQ
1172,4855,,,,,,KDBZTSEYVG
1173,4856,,,,,,KDISVBCBNZ
1174,4857,,,,,,KDMXYHORGN
1175,4860,,,,,,KDNQMBUTXR
1176,4862,,,,,,KDYJRUYLRB
1177,4869,,,,,,KDYSPTVHVL
1178,4875,,,,,,KDZGHMEJJF
1179,4876,,,,,,KEAXYUFTQA
1180,4880,,,,,,KELUEVBBSM
1181,4883,,,,,,KENSBQFTIE
1182,4884,,,,,,KEUBNAMPVY
1183,4885,,,,,,KEWNHHFGFC
1184,4905,,,,,,KEXKYLQNPR
1185,4908,,,,,,KEXPNQWDAB
1186,4909,,,,,,KFCZUDFTTK
1187,4919,,,,,,KFIJDCYVMI
1188,4922,,,,,,KFOXUKDHML
1189,4925,,,,,,KGALJSISUB
1190,4940,,,,,,KGOAAOKKSI
1191,4942,,,,,,KGQIZKUYSQ
1192,4945,,,,,,KGVYAKTWQA
1193,4949,,,,,,KGXTPFUKHE
1194,4951,,,,,,KHHOWXJHVY
1195,4961,,,,,,KHKUDJQTGF
1196,4962,,,,,,KHNQOMUMWI
1197,4963,,,,,,KHWPPVOGSR
1198,4964,,,,,,KHZDQOTATT
1199,4967,,,,,,KIJAMTPQTO
1200,4969,,,,,,KIOHQRDXUJ
1201,4970,,,,,,KISORNIIEE
1202,4973,,,,,,KITDWIZCHC
1203,4982,,,,,,KIVZQAHNQS
1204,4983,,,,,,KIZJFMPBXR
1205,4987,,,,,,KJGJQLCEQL
1206,4989,,,,,,KJJLWOBSQO
1207,4995,,,,,,KJMEYVSTBY
1208,4998,,,,,,KJXQCDCTJS
1209,5000,,,,,,KKMOBZGCIE
1210,5005,,,,,,KKSQLICZSV
1211,5008,,,,,,KKTVUSXMAB
1212,5009,,,,,,KKUOYYYMXM
1213,5013,,,,,,KKVIMRXGKV
1214,5014,,,,,,KKVQPUBEJX
1215,5020,,,,,,KKWCYIRNAZ
1216,5023,,,,,,KLHQXTEKPP
1217,5024,,,,,,KLKHGUSGBG
1218,5026,,,,,,KLLPJZIKHI
1219,5035,,,,,,KLMROGVIZV
1220,5039,,,,,,KLVZJJMJQX
1221,5040,,,,,,KMBDSULEIN
1222,5041,,,,,,KMFNNCZVER
1223,5043,,,,,,KMMXGMSKAL
1224,5047,,,,,,KMVMRDBFEG
1225,5048,,,,,,KNBSXRFBYU
1226,5049,,,,,,KNDCQISUNM
1227,5051,,,,,,KNOVNLEFXE
1228,5054,,,,,,KNPEXITIRL
1229,5065,,,,,,KNTGMSZSYJ
1230,5081,,,,,,KNTLJEPMSV
1231,5083,,,,,,KNZOXEGIHS
1232,5089,,,,,,KOBMKCQQFU
1233,5093,,,,,,KOCOJBPDJF
1234,5099,,,,,,KOCYNCMCMV
1235,5102,,,,,,KPGFHDARUY
1236,5105,,,,,,KPGLVAKXJE
1237,5106,,,,,,KPIEBHQEZO
1238,5113,,,,,,KPJFKYPJXI
1239,5120,,,,,,KPUATKZLZH
1240,5121,,,,,,KPZGQBEANA
1241,5122,,,,,,KQAKBGLQBJ
1242,5125,,,,,,KQCZNCDAIY
1243,5135,,,,,,KQIKJUVEPH
1244,5137,,,,,,KQJYZLHSZY
1245,5139,,,,,,KRAQGHYBIK
1246,5141,,,,,,KRDMVIPTNM
1247,5145,,,,,,KRKJISITVQ
1248,5149,,,,,,KRPKBCLMHS
1249,5151,,,,,,KRQIVZIHFU
1250,5163,,,,,,KRZDOUFYVV
1251,5166,,,,,,KRZVXEEJZF
1252,5172,,,,,,KSDUPSVPAK
1253,5174,,,,,,KSFBYVAFBQ
1254,5175,,,,,,KSFIGBQODL
1255,5178,,,,,,KSKDFVQOHW
1256,5183,,,,,,KSQPUHVANL
1257,5184,,,,,,KSSUHTGZUS
1258,5187,,,,,,KTEXNSGWXC
1259,5189,,,,,,KUBWYHOHAV
1260,5190,,,,,,KUFBVMQIRE
1261,5193,,,,,,KUWEPACDAS
1262,5199,,,,,,KUZEHAUOTH
1263,5202,,,,,,KVBWCGXJTY
1264,5208,,,,,,KVHKRDJGQS
1265,5211,,,,,,KVIRGPJKCP
1266,5214,,,,,,KVROOAMJMC
1267,5217,,,,,,KVTBLIRNVO
1268,5222,,,,,,KVVQFAEPLW
1269,5223,,,,,,KWBXCTCNCH
1270,5225,,,,,,KWPRBKALJZ
1271,5237,,,,,,KXFGKWWOBU
1272,5242,,,,,,KXIHQYHQLZ
1273,5247,,,,,,KXQXBESOUT
1274,5253,,,,,,KXXBSWRRSA
1275,5262,,,,,,KXXIFZDSBG
1276,5267,,,,,,KYCOUTOJNW
1277,5276,,,,,,KYDNOHKAHW
1278,5283,,,,,,KYGDUCUWYM
1279,5289,,,,,,KYHRIEOCUI
1280,5290,,,,,,KYIPCUUNCX
1281,5291,,,,,,KYMUFOPYVW
1282,5296,,,,,,KYMVGSKAEN
1283,5302,,,,,,KYNGFOZFIQ
1284,5305,,,,,,KYSQAFHTZV
1285,5306,,,,,,KYSZALHWJC
1286,5309,,,,,,KYUCVVIKET
1287,5310,,,,,,KZMRDWZYDJ
1288,5314,,,,,,KZQNYKPITJ
1289,5315,,,,,,KZXYFAXPOB
1290,5319,,,,,,LAOEQTDSSG
1291,5327,,,,,,LBAUOECLYS
1292,5328,,,,,,LBBKBHEMOC
1293,5335,,,,,,LBFOJAUIRQ
1294,5337,,,,,,LBHXADFVWZ
1295,5342,,,,,,LBIFWPYBWF
1296,5347,,,,,,LBVOYBXDPV
1297,5349,,,,,,LCDPCGIMZS
1298,5352,,,,,,LCIDNGXIPX
1299,5363,,,,,,LCIDXYHHHT
1300,5370,,,,,,LCPVQHWXGP
1301,5372,,,,,,LCVLCZZZJU
1302,5385,,,,,,LCWXVYNKYI
1303,5392,,,,,,LCYFFDBAQQ
1304,5396,,,,,,LDDQHGQDXK
1305,5400,,,,,,LDGCMQHDUT
1306,5403,,,,,,LDNMEKIJIU
1307,5404,,,,,,LDOHETXYAD
1308,5420,,,,,,LDUJEUQXON
1309,5424,,,,,,LDXYPHJZKO
1310,5428,,,,,,LEDVIIZSHG
1311,5430,,,,,,LELXJRTSEJ
1312,5434,,,,,,LEMCHINEJH
1313,5437,,,,,,LEMDSOVLTD
1314,5438,,,,,,LEYQVNCRUV
1315,5449,,,,,,LFIOGBMCAH
1316,5457,,,,,,LFIWBWUBFF
1317,5466,,,,,,LFLZOXAMJE
1318,5472,,,,,,LFOFQGPAZR
1319,5478,,,,,,LFQCOTOVMT
1320,5480,,,,,,LFTQPAOKJR
1321,5488,,,,,,LFYVOZBMAM
1322,5497,,,,,,LGURQKAIHQ
1323,5500,,,,,,LGZDTMNLJY
1324,5502,,,,,,LHDDDWNKPF
1325,5505,,,,,,LHDKXXHDHG
1326,5511,,,,,,LHJZICTNCM
1327,5521,,,,,,LHMGICHNKD
1328,5526,,,,,,LHNEZASYZM
1329,5528,,,,,,LHTJMPCUTS
1330,5529,,,,,,LHWGCREPLD
1331,5530,,,,,,LIQTZNOOEM
1332,5531,,,,,,LISVPCGTBE
1333,5534,,,,,,LIXHINLOTY
1334,5539,,,,,,LJERLXERYO
1335,5550,,,,,,LJMVWKYUUM
1336,5555,,,,,,LJODVIOVVO
1337,5558,,,,,,LJVDFLSISA
1338,5559,,,,,,LKDJPQDHOK
1339,5560,,,,,,LKFPYQHWKE
1340,5568,,,,,,LKFTELMNZP
1341,5576,,,,,,LKIMQVWWXL
1342,5582,,,,,,LKJDVRQUWK
1343,5585,,,,,,LKRXEDHBRA
1344,5597,,,,,,LLHHSYSBZZ
1345,5599,,,,,,LLKIMZRFAG
1346,5606,,,,,,LMCSWAJNEV
1347,5621,,,,,,LMNRFBAMSB
1348,5624,,,,,,LMQBCPSWNV
1349,5626,,,,,,LMSCAUKTOS
1350,5628,,,,,,LMVSUQADIL
1351,5631,,,,,,LNPJIORHRL
1352,5633,,,,,,LNTFMHXDXM
1353,5635,,,,,,LNUWZZACWN
1354,5643,,,,,,LOFVJGSLFD
1355,5647,,,,,,LORDOPYUBO
1356,5649,,,,,,LOVMYISAAY
1357,5652,,,,,,LPESJXIBLB
1358,5659,,,,,,LPEUSIEUFA
1359,5661,,,,,,LPGTEFYWJL
1360,5662,,,,,,LPNPGIKQVW
1361,5669,,,,,,LPPRLFLFIS
1362,5671,,,,,,LQJXISEDOF
1363,5675,,,,,,LQPZBSQJWP
1364,5677,,,,,,LRIXNUKRNE
1365,5679,,,,,,LRPXVXSUVW
1366,5682,,,,,,LRRNQZHZPW
1367,5686,,,,,,LRZASXUMKT
1368,5689,,,,,,LSIGBTAGSN
1369,5692,,,,,,LSMYANDLTJ
1370,5700,,,,,,LSNPONBOHB
1371,5706,,,,,,LSRDZCXPII
1372,5710,,,,,,LSSFKTGEYJ
1373,5712,,,,,,LSUASLIFSQ
1374,5713,,,,,,LUBQTNWDCM
1375,5717,,,,,,LUDOOIRVBJ
1376,5719,,,,,,LUNQHYLFUU
1377,5725,,,,,,LUTOZVEDMC
1378,5727,,,,,,LUWHUOPKXR
1379,5744,,,,,,LUYEFWDJXD
1380,5749,,,,,,LVCNAHKKZY
1381,5761,,,,,,LVJQWQXXLU
1382,5773,,,,,,LVNGRTKBEU
1383,5774,,,,,,LVOUIOVNZB
1384,5777,,,,,,LWAWRRGLCS
1385,5780,,,,,,LWCELTGQJP
1386,5781,,,,,,LWOFFEDBBJ
1387,5782,,,,,,LWPKLICTCR
1388,5794,,,,,,LWZIMHYSKP
1389,5802,,,,,,LXBLRPVNRF
1390,5808,,,,,,LXBNGUBETM
1391,5813,,,,,,LXCVWXRWIZ
1392,5815,,,,,,LXDOIEJMIM
1393,5822,,,,,,LXGGISTXEU
1394,5833,,,,,,LXJQJDBLOC
1395,5837,,,,,,LXTYAPMYYW
1396,5838,,,,,,LXUDDZYENG
1397,5839,,,,,,LYAECLTHHT
1398,5842,,,,,,LYBCDYVCHQ
1399,5843,,,,,,LYBRITTTHJ
1400,5852,,,,,,LYPLICCMTF
1401,5857,,,,,,LYQTAAZWDC
1402,5860,,,,,,LYWGSLNBTH
1403,5864,,,,,,LYXMLYDSER
1404,5865,,,,,,LZCAIHHSLW
1405,5879,,,,,,LZMAMZGVDK
1406,5886,,,,,,LZROQLITBB
1407,5888,,,,,,LZRULEDIAM
1408,5889,,,,,,LZTIPXLSJM
1409,5893,,,,,,LZWPUGKLON
1410,5912,,,,,,MAHSOLTKEW
1411,5913,,,,,,MAXOMNPSPY
1412,5914,,,,,,MAZBBJQRNY
1413,5927,,,,,,MBFRWACPUX
1414,5928,,,,,,MBICZRJSZF
1415,5936,,,,,,MBJDHVKTCB
1416,5940,,,,,,MBKVOOOJIF
1417,5942,,,,,,MBQEZHLWZB
1418,5943,,,,,,MBWGJGUXWE
1419,5949,,,,,,MCFWIOWYZZ
1420,5951,,,,,,MCHXWWNLBG
1421,5954,,,,,,MCOMHBKHVI
1422,5964,,,,,,MCZWEFUHJV
1423,5965,,,,,,MDMSIDLLIW
1424,5969,,,,,,MDMTEYEJQZ
1425,5972,,,,,,MEABRPYKTZ
1426,5973,,,,,,MELNYFJEGF
1427,5974,,,,,,MEMJQUGZLG
1428,5981,,,,,,MEOQYCBNEH
1429,5989,,,,,,MEPQIJCKNY
1430,5995,,,,,,MEXAREOXRA
1431,5999,,,,,,MEYVSUAKKF
1432,6000,,,,,,MFDUAODPLQ
1433,6004,,,,,,MFELPVBLUU
1434,6010,,,,,,MFQNWOZXMS
1435,6022,,,,,,MFZTCBDXMA
1436,6026,,,,,,MGAQGZIRTE
1437,6027,,,,,,MGDUJEJIMW
1438,6031,,,,,,MGEPHNSUHQ
1439,6034,,,,,,MGKJJBXSDR
1440,6042,,,,,,MGMRNGEGBZ
1441,6043,,,,,,MGPHALZUZK
1442,6045,,,,,,MGRGVHVFZA
1443,6053,,,,,,MGXGTIJGZL
1444,6057,,,,,,MHCYGCCQFU
1445,6076,,,,,,MHPAZXXMOE
1446,6080,,,,,,MHRMRCHOJZ
1447,6085,,,,,,MHSUUXYIIR
1448,6086,,,,,,MHZLKADZAW
1449,6090,,,,,,MIPVLNBQFF
1450,6093,,,,,,MIZMIJBAIN
1451,6094,,,,,,MJAGJCZATH
1452,6095,,,,,,MKAUXKOLWQ
1453,6096,,,,,,MKCTDFDCNR
1454,6101,,,,,,MKFDWJVUNE
1455,6104,,,,,,MKGWCYTFDZ
1456,6107,,,,,,MKMEFFWXUB
1457,6111,,,,,,MKONXJUTAK
1458,6116,,,,,,MKOTJCXGWA
1459,6119,,,,,,MKPPMFDIXA
1460,6124,,,,,,MKSYUTUPJP
1461,6128,,,,,,MKSZSFHRSX
1462,6130,,,,,,MLFEFFQWQT
1463,6131,,,,,,MLMOLNDNQB
1464,6132,,,,,,MLOSPEFBIA
1465,6135,,,,,,MLQLAMULRV
1466,6138,,,,,,MLVCYRNKIF
1467,6140,,,,,,MMFXEKFWNT
1468,6144,,,,,,MMHXSOMSNQ
1469,6146,,,,,,MMKBBVBXCB
1470,6147,,,,,,MMKZHSKOQU
1471,6150,,,,,,MMLZNJPOHM
1472,6155,,,,,,MMXXIXDJAB
1473,6161,,,,,,MNCSDIPRDF
1474,6164,,,,,,MNIWAGGAWT
1475,6168,,,,,,MNVLQAHZSJ
1476,6176,,,,,,MOGYTJPQWY
1477,6178,,,,,,MOMOGJLAHZ
1478,6181,,,,,,MOMOKJHCOS
1479,6193,,,,,,MOWNTOZZBK
1480,6194,,,,,,MPHAMNJDFG
1481,6195,,,,,,MPHBRYQDLY
1482,6201,,,,,,MPHJSEGXUE
1483,6206,,,,,,MPIVSIEJIZ
1484,6207,,,,,,MPOMJZIBWT
1485,6209,,,,,,MPPOETBNWQ
1486,6214,,,,,,MPTVDVPJEP
1487,6220,,,,,,MPUEQUTADQ
1488,6221,,,,,,MQAVKEKNGF
1489,6243,,,,,,MQKUIATYIZ
1490,6249,,,,,,MQLWZAUPFM
1491,6250,,,,,,MQMFGWOUED
1492,6253,,,,,,MQNLHHLOPH
1493,6269,,,,,,MQPXELZJSL
1494,6271,,,,,,MQUXFVFJOX
1495,6273,,,,,,MRFCPRUMCU
1496,6274,,,,,,MRLSAAYQPZ
1497,6276,,,,,,MRZATVWSMW
1498,6277,,,,,,MSIAYQOZGV
1499,6281,,,,,,MSRVVGRLXS
1500,6284,,,,,,MSZPRLTPGO
1501,6286,,,,,,MTPFPWDOPG
1502,6297,,,,,,MTWQAORZVQ
1503,6301,,,,,,MUDVYPCTBF
1504,6309,,,,,,MUJOQYREGH
1505,6311,,,,,,MUKRIAPYOW
1506,6316,,,,,,MUOQTYXPPH
1507,6320,,,,,,MVEQFTZWIR
1508,6334,,,,,,MVLUAFBFWS
1509,6336,,,,,,MVSYMXKJUA
1510,6340,,,,,,MVWGYPYZQL
1511,6341,,,,,,MWJYTIJKNT
1512,6344,,,,,,MWMUDZGYZZ
1513,6346,,,,,,MWNFQXMJPB
1514,6348,,,,,,MWRKRZGTPS
1515,6349,,,,,,MWRMPBDBFY
1516,6351,,,,,,MWVFZVLZZI
1517,6354,,,,,,MWVQZIZJTI
1518,6358,,,,,,MXFWHYCTVP
1519,6360,,,,,,MXMPHIXNYO
1520,6366,,,,,,MXOTFVYTTU
1521,6367,,,,,,MXPBBSOMXU
1522,6371,,,,,,MYMLIMCPGJ
1523,6374,,,,,,MYXZQXLMBC
1524,6377,,,,,,NAAAKDTFVS
1525,6386,,,,,,NAGRTDWBYF
1526,6395,,,,,,NAOXGOYWZF
1527,6397,,,,,,NAQGOKPOGO
1528,6400,,,,,,NBAGSJXJMM
1529,6403,,,,,,NBUXBYCSKE
1530,6404,,,,,,NBXLXBSLMZ
1531,6412,,,,,,NDEBZTPSSU
1532,6422,,,,,,NDLGEQAYOY
1533,6423,,,,,,NDVBLOOWBA
1534,6424,,,,,,NEDLCGZVFP
1535,6425,,,,,,NEDMZJFCLZ
1536,6432,,,,,,NEISPEWQSX
1537,6439,,,,,,NEOQRZUJZS
1538,6454,,,,,,NFOTGMBOHM
1539,6457,,,,,,NGHFHYJCYU
1540,6459,,,,,,NGNNPMBPTA
1541,6464,,,,,,NGXJHYQSSD
1542,6469,,,,,,NGZAAIMXBD
1543,6471,,,,,,NHCZLWYOEP
1544,6474,,,,,,NHETICDBSB
1545,6476,,,,,,NHFILXCBHZ
1546,6480,,,,,,NHFOZRJPHH
1547,6484,,,,,,NHGLLLQDFC
1548,6488,,,,,,NHIPQVAMPK
1549,6491,,,,,,NHOPNFXMIN
1550,6493,,,,,,NHTYEOTPZH
1551,6505,,,,,,NIJOQAAGSO
1552,6508,,,,,,NIQXOUSFEL
1553,6515,,,,,,NIVAQCRVZZ
1554,6528,,,,,,NJATAEIJUD
1555,6529,,,,,,NJDCOGOAMC
1556,6531,,,,,,NJDRLDVZGL
1557,6535,,,,,,NJEBHCDREE
1558,6537,,,,,,NJTOBJPQRR
1559,6541,,,,,,NJTQROTNPX
1560,6543,,,,,,NJWXEUAJBW
1561,6544,,,,,,NJXMZWWFIW
1562,6550,,,,,,NJYZFFKUGS
1563,6556,,,,,,NKGHTIHDSE
1564,6560,,,,,,NKNUJUAYFZ
1565,6562,,,,,,NKVSFPUMAW
1566,6567,,,,,,NLAOLZQCEC
1567,6571,,,,,,NLAXLWDEOJ
1568,6572,,,,,,NLEYGGVYUT
1569,6575,,,,,,NLFVZVZIXY
1570,6579,,,,,,NLIGDSPZTV
1571,6581,,,,,,NLTEPCFHYL
1572,6588,,,,,,NMZITKJSLL
1573,6591,,,,,,NNERVZISQU
1574,6601,,,,,,NNKEZNVAAB
1575,6603,,,,,,NNSSYJCZBB
1576,6606,,,,,,NNYQZYJJII
1577,6610,,,,,,NOOHZVCBBL
1578,6617,,,,,,NOZPYAFHGB
1579,6619,,,,,,NPCZCIICRR
1580,6621,,,,,,NPKNVSKUGE
1581,6624,,,,,,NPUDUBHRXS
1582,6625,,,,,,NPUPCXSYNS
1583,6626,,,,,,NQDCKDPFQX
1584,6633,,,,,,NQIUEMBYDI
1585,6634,,,,,,NQJUNETRMZ
1586,6636,,,,,,NQLRKPFGAQ
1587,6644,,,,,,NQOOMFMQJU
1588,6646,,,,,,NQOZJZNBMM
1589,6647,,,,,,NRWRBIZCSX
1590,6648,,,,,,NSEVIOMPNX
1591,6649,,,,,,NSKFJJJYWD
1592,6651,,,,,,NSXPYDTGXR
1593,6652,,,,,,NSYKASOMUO
1594,6656,,,,,,NTKEJECHUP
1595,6657,,,,,,NTNUDZUIOU
1596,6668,,,,,,NTWEWJLCIP
1597,6671,,,,,,NUCHHTSXLA
1598,6674,,,,,,NUYUKTLZKO
1599,6680,,,,,,NUYXRDEGEB
1600,6685,,,,,,NVPQVUGXVJ
1601,6691,,,,,,NVROWWDEBX
1602,6692,,,,,,NVTEFCOFXJ
1603,6694,,,,,,NVVRXUKPMR
1604,6699,,,,,,NVWFHSQAJU
1605,6700,,,,,,NWGPYTLLMW
1606,6702,,,,,,NWMTGUJEYX
1607,6707,,,,,,NWTUJSIWDD
1608,6709,,,,,,NXJWQCYQBJ
1609,6715,,,,,,NXKUOTIMAQ
1610,6718,,,,,,NXRPDJYFAM
1611,6721,,,,,,NXSDSNQJJV
1612,6731,,,,,,NXSTFMJXGD
1613,6738,,,,,,NXZQXXWHZM
1614,6739,,,,,,NYXKVXPFGQ
1615,6740,,,,,,NZMSMRFOTQ
1616,6744,,,,,,NZSZCIKOEJ
1617,6747,,,,,,NZTFABLKKB
1618,6749,,,,,,NZVFZNGSBL
1619,6750,,,,,,OAHKFNEPLA
1620,6751,,,,,,OBCLJNYPMQ
1621,6756,,,,,,OBHAIGPEOC
1622,6761,,,,,,OBITZDMJXL
1623,6762,,,,,,OBXQXDODSO
1624,6765,,,,,,OBYMUIICAH
1625,6769,,,,,,OCFIVNUKOS
1626,6773,,,,,,OCSFCGGKUI
1627,6775,,,,,,OCSXVJKPQO
1628,6776,,,,,,ODOUQKUGNG
1629,6793,,,,,,ODTTYNSMBK
1630,6805,,,,,,ODXNTISXSX
1631,6806,,,,,,OEBEURDFWX
1632,6810,,,,,,OEJXQWSOJN
1633,6811,,,,,,OEMDTFORCZ
1634,6813,,,,,,OEYFWTVJAQ
1635,6814,,,,,,OEZDUFORBA
1636,6815,,,,,,OFVXYJDAUD
1637,6816,,,,,,OGPSOWPOOR
1638,6821,,,,,,OHDJDZBRFZ
1639,6827,,,,,,OHQQCGFJLY
1640,6828,,,,,,OHQWTZWVRW
1641,6833,,,,,,OHUQMUPWNC
1642,6840,,,,,,OHWICWDNHK
1643,6846,,,,,,OIAIOQBUDR
1644,6852,,,,,,OIFJMJRBRM
1645,6855,,,,,,OIZCSAWGUC
1646,6860,,,,,,OJDTLFZSRZ
1647,6870,,,,,,OJNTIDFSUP
1648,6881,,,,,,OJPRHVFYBS
1649,6885,,,,,,OJPWXNJNYM
1650,6888,,,,,,OJQYHSRLYN
1651,6892,,,,,,OJYRJJXYJD
1652,6902,,,,,,OKPISHLZCY
1653,6903,,,,,,OKWWIRZAYV
1654,6905,,,,,,OKXYVHEARF
1655,6910,,,,,,OLBRNIKCLG
1656,6914,,,,,,OLCKJNVHAK
1657,6916,,,,,,OLJLVIUFOH
1658,6917,,,,,,OLLIKSGCPH
1659,6920,,,,,,OLSENWIKWT
1660,6926,,,,,,OLSGMKWPIX
1661,6928,,,,,,OLYCSRHMYR
1662,6931,,,,,,OMOGDOFUDQ
1663,6934,,,,,,OMRDKMWRHG
1664,6939,,,,,,ONMQDPSNHK
1665,6940,,,,,,ONPPZPCXXU
1666,6950,,,,,,OOBWIHDGET
1667,6951,,,,,,OOIRJWPRYY
1668,6955,,,,,,OOUKVNTQKI
1669,6956,,,,,,OOVBUEUUJG
1670,6965,,,,,,OOXBCQCOXM
1671,6970,,,,,,OOZHPLVEKN
1672,6972,,,,,,OPJTMIPJKU
1673,6976,,,,,,OQBGZFHDFS
1674,6983,,,,,,OQFXYVYAUW
1675,6985,,,,,,OQIMDNCSYS
1676,6987,,,,,,OQLPHQVGAL
1677,6990,,,,,,OQNHUHPMSE
1678,6993,,,,,,OQRFLSESKS
1679,6995,,,,,,OQTCCMQDCL
1680,6998,,,,,,OQWANYBROU
1681,7015,,,,,,OQYGZEWJBW
1682,7016,,,,,,ORGXCOBOXV
1683,7020,,,,,,OROXPZZUVZ
1684,7030,,,,,,ORTICMOWEC
1685,7033,,,,,,OSAYEDCKMB
1686,7039,,,,,,OSCYZOVQKA
1687,7040,,,,,,OSETZJLPEQ
1688,7047,,,,,,OSMKZGFEQA
1689,7048,,,,,,OSWQREFCLX
1690,7051,,,,,,OTUBZASTSJ
1691,7052,,,,,,OUHFSPAUUT
1692,7053,,,,,,OUINBVSZON
1693,7055,,,,,,OUJCJCIGEN
1694,7057,,,,,,OUUOCPMRVD
1695,7059,,,,,,OVJSPNCPDX
1696,7068,,,,,,OWBEEKDLKJ
1697,7071,,,,,,OWJHDPLGQG
1698,7072,,,,,,OWKRZNUTCC
1699,7075,,,,,,OWLTCFSVQO
1700,7078,,,,,,OXDNTIDODS
1701,7085,,,,,,OXEZXVYOFQ
1702,7094,,,,,,OXJINXAQDT
1703,7096,,,,,,OXMQZYTANN
1704,7100,,,,,,OXZGFJMURX
1705,7103,,,,,,OYBLICUQXU
1706,7109,,,,,,OYFJYAGYQU
1707,7111,,,,,,OYGKIINUAW
1708,7119,,,,,,OYMMSPYYXE
1709,7124,,,,,,OYXHPDUAZT
1710,7125,,,,,,OYYQXPXEKZ
1711,7127,,,,,,OZDUYCSGQQ
1712,7130,,,,,,OZEGOZOKOR
1713,7138,,,,,,OZKIVDLZSN
1714,7142,,,,,,OZKNXFWJVK
1715,7143,,,,,,PABKNFJTAM
1716,7145,,,,,,PACRLVEZKZ
1717,7149,,,,,,PANNSMSYBF
1718,7162,,,,,,PASRZKCAZH
1719,7163,,,,,,PAYWHENQCX
1720,7165,,,,,,PBBCESDICD
1721,7168,,,,,,PBDQUMITWZ
1722,7169,,,,,,PBFFRHHOGN
1723,7174,,,,,,PBQZBHDOVK
1724,7175,,,,,,PBRFEYNINA
1725,7180,,,,,,PBRXWXRJXR
1726,7182,,,,,,PBUAACOTMR
1727,7197,,,,,,PCBEDFQAJH
1728,7213,,,,,,PCBJVSSCPQ
1729,7215,,,,,,PCEKGPOVCA
1730,7219,,,,,,PCJOUAWYCD
1731,7230,,,,,,PCJQXECGZI
1732,7233,,,,,,PEVSSGVERQ
1733,7234,,,,,,PEYTMIAACZ
1734,7235,,,,,,PFAHHYMBZP
1735,7240,,,,,,PFDHLWODLA
1736,7244,,,,,,PFKDFMKSXF
1737,7250,,,,,,PFOJQREYIB
1738,7251,,,,,,PFTGWPQGXP
1739,7254,,,,,,PFZRWWMCVP
1740,7257,,,,,,PGAIEUYNJN
1741,7258,,,,,,PGFYUQAZDS
1742,7259,,,,,,PGITEAQOEF
1743,7261,,,,,,PGKBCBGCPG
1744,7262,,,,,,PGOLUBVYRV
1745,7264,,,,,,PGRDWTZKPC
1746,7265,,,,,,PGXFDSOMVK
1747,7266,,,,,,PGYLZDVAYV
1748,7269,,,,,,PHEKHLKXUA
1749,7274,,,,,,PHIMAVFTBG
1750,7279,,,,,,PHJAQQQODB
1751,7280,,,,,,PHMALOZIIS
1752,7284,,,,,,PIKNMLKDKF
1753,7290,,,,,,PIUXVGAENR
1754,7291,,,,,,PJACVAGSNN
1755,7298,,,,,,PJEDQGKWZF
1756,7302,,,,,,PJRQVNYWKR
1757,7319,,,,,,PJTPIFPPCY
1758,7322,,,,,,PKBEWVCZCJ
1759,7328,,,,,,PKMEXRHJWN
1760,7334,,,,,,PKPIMJZVJJ
1761,7348,,,,,,PKVFLBMWYS
1762,7351,,,,,,PKWUMQIYUF
1763,7352,,,,,,PLBHAQEFIW
1764,7358,,,,,,PLFACDRPSW
1765,7361,,,,,,PLTYLCEFBO
1766,7368,,,,,,PLVNPMLWBO
1767,7370,,,,,,PMJSQZVABJ
1768,7372,,,,,,PMMTKQRNLP
1769,7375,,,,,,PMSXUOPSFF
1770,7380,,,,,,PNELBTOBOV
1771,7383,,,,,,PNFUNDARCI
1772,7388,,,,,,PNLURQPKRH
1773,7389,,,,,,PNYZQYQCJW
1774,7396,,,,,,POJGFWFGMP
1775,7399,,,,,,POYAVSIHLY
1776,7400,,,,,,POZJYBRZVJ
1777,7401,,,,,,PPMSMLRXLF
1778,7402,,,,,,PPVOWYWSIG
1779,7404,,,,,,PPYTVAGSTV
1780,7411,,,,,,PPZPQZOIBE
1781,7412,,,,,,PPZTNMTDIP
1782,7421,,,,,,PQDIUAXXMX
1783,7422,,,,,,PQPMXUVPDO
1784,7432,,,,,,PRCPEFCHIR
1785,7440,,,,,,PRNLQMJCBZ
1786,7452,,,,,,PRZNTZTTNI
1787,7456,,,,,,PSDJIXBALN
1788,7465,,,,,,PSISUUNHNO
1789,7466,,,,,,PSJYJLZVET
1790,7473,,,,,,PSLZFHBCDX
1791,7479,,,,,,PSMKIMLXIL
1792,7480,,,,,,PSOJFGSNNP
1793,7481,,,,,,PTABUBMLDE
1794,7482,,,,,,PTERBBHFXL
1795,7490,,,,,,PTLMVEZHEY
1796,7491,,,,,,PTQITNCUGF
1797,7494,,,,,,PTULNHQEDV
1798,7498,,,,,,PTWNAQUZNO
1799,7500,,,,,,PUAJKJWCSB
1800,7505,,,,,,PUHGEATEQG
1801,7506,,,,,,PUNAPSGUSS
1802,7518,,,,,,PUQNIJETTP
1803,7521,,,,,,PUWIJTDZSG
1804,7523,,,,,,PUWUWIIWJT
1805,7526,,,,,,PVDXFBWPGM
1806,7528,,,,,,PVQFWXYLGH
1807,7531,,,,,,PVSCWPPLKB
1808,7533,,,,,,PVTLRSAXIW
1809,7541,,,,,,PVTMUCPXBM
1810,7542,,,,,,PVXORSHXIU
1811,7545,,,,,,PWDVEYRCEJ
1812,7552,,,,,,PWJNUOLOBZ
1813,7557,,,,,,PWSIBFQQXN
1814,7559,,,,,,PXHLYWVNZJ
1815,7562,,,,,,PXLHFETYFZ
1816,7570,,,,,,PXXHEPHSFW
1817,7576,,,,,,PYCJHXCSHI
1818,7577,,,,,,PYHUXIRHZR
1819,7590,,,,,,PYINSEVNMD
1820,7591,,,,,,PYXIFNVILN
1821,7597,,,,,,PZGPVPWINS
1822,7621,,,,,,PZHMYJDSNR
1823,7625,,,,,,PZWIOEBPYK
1824,7627,,,,,,PZZGLQJFPD
1825,7628,,,,,,QADSYOWCAL
1826,7629,,,,,,QAEZJOBRYA
1827,7632,,,,,,QAMZABVICD
1828,7648,,,,,,QANXPOJXMW
1829,7657,,,,,,QAZYCBGWDA
1830,7658,,,,,,QBIUJVIONT
1831,7668,,,,,,QBKPIJNJYF
1832,7675,,,,,,QBSPUXTXAY
1833,7679,,,,,,QCCYJHLHLN
1834,7680,,,,,,QCGEXXLHAU
1835,7690,,,,,,QCJSGCOKGT
1836,7695,,,,,,QCJVAWYIMF
1837,7703,,,,,,QCOUWKIIEM
1838,7706,,,,,,QCQNHNMDPA
1839,7711,,,,,,QCRINUOKLH
1840,7712,,,,,,QCWFDSZBVK
1841,7713,,,,,,QDOAFZIIST
1842,7722,,,,,,QELMFZSMPZ
1843,7723,,,,,,QESPPTVRPO
1844,7726,,,,,,QESSCBULEN
1845,7730,,,,,,QEXCXLJESZ
1846,7731,,,,,,QEZYRSDWMB
1847,7738,,,,,,QFAPIKAOLF
1848,7747,,,,,,QFJPNVFFGP
1849,7748,,,,,,QFKMIWQDFA
1850,7753,,,,,,QFMJDDIKEN
1851,7762,,,,,,QFNVLENFVM
1852,7764,,,,,,QFQVGXGDHF
1853,7773,,,,,,QGEKVMJCWK
1854,7776,,,,,,QGGDGUBOFX
1855,7778,,,,,,QGHVCDPHUH
1856,7779,,,,,,QGJPGEOMMY
1857,7780,,,,,,QGKVYOPZEP
1858,7782,,,,,,QGMJOTIUVD
1859,7786,,,,,,QGYNDWIBRZ
1860,7790,,,,,,QHAKOJXJYK
1861,7794,,,,,,QHAWZVWIGZ
1862,7801,,,,,,QHKOJPIVXI
1863,7805,,,,,,QHLPTTFQSQ
1864,7807,,,,,,QHSHEOOGWR
1865,7808,,,,,,QHYPKQEXOI
1866,7810,,,,,,QIBFEUIKDW
1867,7812,,,,,,QIBIFYCTMH
1868,7814,,,,,,QIBQBDUORX
1869,7815,,,,,,QINUVSMRGV
1870,7816,,,,,,QIPINEDDBP
1871,7817,,,,,,QIRLGHFEYT
1872,7836,,,,,,QIVENAXNSF
1873,7838,,,,,,QJSGCYMHTY
1874,7848,,,,,,QKFDTVBABN
1875,7849,,,,,,QKIDKZWFWL
1876,7855,,,,,,QKLMTDCBRY
1877,7861,,,,,,QKMWPKJNTX
1878,7867,,,,,,QKSEUMUXAZ
1879,7873,,,,,,QKVSHVVCCL
1880,7876,,,,,,QLDABYBCYO
1881,7879,,,,,,QLHFMZKQRQ
1882,7880,,,,,,QLQZOGXAHO
1883,7881,,,,,,QLSPILCLFM
1884,7882,,,,,,QMFJNMLJJR
1885,7885,,,,,,QMHHXJANXT
1886,7895,,,,,,QMMTQJOXIN
1887,7900,,,,,,QMTCBELCXS
1888,7902,,,,,,QMZKLYWOPZ
1889,7908,,,,,,QNCQDDFNVW
1890,7918,,,,,,QNDXBFRMXT
1891,7921,,,,,,QNFQBKMZBC
1892,7927,,,,,,QNHKRJKLCW
1893,7939,,,,,,QNLNJTCOHU
1894,7942,,,,,,QNQSVXSEUL
1895,7945,,,,,,QNRFTRDCGA
1896,7957,,,,,,QNWAUBDXHN
1897,7959,,,,,,QOHIPFPEQX
1898,7967,,,,,,QOTZREFEGP
1899,7975,,,,,,QOVDCTYYGT
1900,7977,,,,,,QPAYSXVIMF
1901,7982,,,,,,QPEGZHZCVI
1902,7993,,,,,,QPFYMZSQXL
1903,7995,,,,,,QPGOFHSPFA
1904,7996,,,,,,QPKTLLXDIY
1905,7997,,,,,,QPWQRDXMTU
1906,7999,,,,,,QPYNGGAMBO
1907,8011,,,,,,QQCETARZIQ
1908,8014,,,,,,QQJTPMCJII
1909,8016,,,,,,QQREMTBZAS
1910,8029,,,,,,QQWNIGXFKP
1911,8036,,,,,,QRARSJAADR
1912,8046,,,,,,QRPYYNENMY
1913,8051,,,,,,QRUPRXHLHK
1914,8057,,,,,,QRYEBMBBKK
1915,8058,,,,,,QSGYKNWJSA
1916,8060,,,,,,QSKFVCPSTJ
1917,8066,,,,,,QSPBPZMUQD
1918,8067,,,,,,QSRUSYPHID
1919,8074,,,,,,QTAZKXSVZV
1920,8078,,,,,,QTCOWPJDOZ
1921,8081,,,,,,QTDLLGHVKB
1922,8084,,,,,,QTKQIIZFMH
1923,8087,,,,,,QTXQHBWLMD
1924,8095,,,,,,QUDZNUWIGL
1925,8097,,,,,,QUFLAXZPQD
1926,8098,,,,,,QUFTFCISGA
1927,8108,,,,,,QUJXZSIFRN
1928,8110,,,,,,QUQZXAHPLB
1929,8113,,,,,,QVHYAYFJIB
1930,8120,,,,,,QVOLASFSHV
1931,8122,,,,,,QWCDIYEUCR
1932,8135,,,,,,QWGJAUIAND
1933,8142,,,,,,QWKWNSZGAK
1934,8143,,,,,,QWWCPEPEHR
1935,8147,,,,,,QXHHHZPIQV
1936,8151,,,,,,QXMLVBJSTM
1937,8155,,,,,,QXPESSNDBB
1938,8157,,,,,,QXRTFOFZAT
1939,8161,,,,,,QXSUGSBJVF
1940,8162,,,,,,QXTBAYGWUO
1941,8180,,,,,,QXURHZYNNR
1942,8182,,,,,,QXVAJGUUES
1943,8185,,,,,,QYBFQOHBPL
1944,8186,,,,,,QYSDSNGYBS
1945,8188,,,,,,QYTZJRDRIM
1946,8196,,,,,,QYWVCWTIJX
1947,8199,,,,,,QZJAJHNUWQ
1948,8208,,,,,,QZQVFXYHYC
1949,8210,,,,,,RABZOTZSGF
1950,8213,,,,,,RANIYZSKFA
1951,8231,,,,,,RAVORCNJIV
1952,8232,,,,,,RBGRFYWTLH
1953,8236,,,,,,RBKADVAFUZ
1954,8237,,,,,,RBRWZROFUK
1955,8240,,,,,,RCHBBHXNVX
1956,8243,,,,,,RCIHOEOPCF
1957,8245,,,,,,RCIZKXBUZU
1958,8248,,,,,,RDADJVHIIP
1959,8259,,,,,,RDPYIQZBMC
1960,8266,,,,,,RDQCEPLWPH
1961,8268,,,,,,RDSCXNRSCF
1962,8274,,,,,,RDYHYXSXXN
1963,8284,,,,,,REBSMLGTTT
1964,8289,,,,,,REPDYGPASW
1965,8291,,,,,,REVAKLEGNI
1966,8301,,,,,,REVEATQYWD
1967,8305,,,,,,REXPZLADOG
1968,8306,,,,,,REYBGTVOKY
1969,8311,,,,,,RFDEWSCEGC
1970,8313,,,,,,RFKCWKYIAC
1971,8317,,,,,,RFTSZVCCAS
1972,8321,,,,,,RFVVDJFEMQ
1973,8323,,,,,,RGEDZASBRA
1974,8333,,,,,,RGKHMWRUXA
1975,8334,,,,,,RGKVJTEFWA
1976,8341,,,,,,RGNBOYKHPC
1977,8343,,,,,,RGOQOZZZUP
1978,8346,,,,,,RHFUUDIWOO
1979,8352,,,,,,RHYVOLYXVL
1980,8353,,,,,,RIOYZGCQSC
1981,8357,,,,,,RIXHGCSLTI
1982,8364,,,,,,RJBHYAJXXH
1983,8387,,,,,,RJFBLFKKBG
1984,8389,,,,,,RJGFIJJORJ
1985,8393,,,,,,RJHPJFJXRU
1986,8395,,,,,,RJISFSBNJB
1987,8398,,,,,,RJOAMEFMOW
1988,8401,,,,,,RJPQIQLBMQ
1989,8403,,,,,,RJWJAHXEVP
1990,8408,,,,,,RKEGOKJKFH
1991,8414,,,,,,RKGNYCJQCP
1992,8416,,,,,,RKPYEGSHXA
1993,8423,,,,,,RKVZVERVXV
1994,8426,,,,,,RKXJYJNXLH
1995,8438,,,,,,RKXKXRUCUG
1996,8446,,,,,,RLPBUDYGVR
1997,8448,,,,,,RLTRZMENQZ
1998,8451,,,,,,RLYADWFJOZ
1999,8452,,,,,,RLZJITABBI
2000,8453,,,,,,RMJJJGRXKK
2001,8459,,,,,,RMKBGYUNLU
2002,8462,,,,,,RMLYHTQODI
2003,8471,,,,,,RMOOYAAXLW
2004,8472,,,,,,RMUMWAZBVV
2005,8474,,,,,,RNPBRFDQDX
2006,8484,,,,,,RNPSUXOQQS
2007,8490,,,,,,RNVHBPJELP
2008,8497,,,,,,ROJVKPPACP
2009,8500,,,,,,ROKPCZPMPC
2010,8502,,,,,,RONOBRKBAN
2011,8506,,,,,,ROOLKIGWKR
2012,8521,,,,,,ROVGLTVJNL
2013,8524,,,,,,RPBXEZQAXD
2014,8528,,,,,,RPCBUHERIS
2015,8538,,,,,,RPHRQPAMPX
2016,8543,,,,,,RPMZYRFMZF
2017,8547,,,,,,RPUXZPTFEA
2018,8550,,,,,,RPZHPPLJSH
2019,8554,,,,,,RQFFFUVVSE
2020,8555,,,,,,RQFYXAEDBX
2021,8558,,,,,,RQIKBVPREN
2022,8563,,,,,,RQVXVESISM
2023,8566,,,,,,RQZZPECAAW
2024,8571,,,,,,RRHIJXCZOY
2025,8573,,,,,,RRVZREBVEO
2026,8577,,,,,,RSCAJEQHJX
2027,8579,,,,,,RSIFJSLTFF
2028,8580,,,,,,RSNOQDEAFR
2029,8581,,,,,,RSWKXRBRMS
2030,8585,,,,,,RSXGQZXPIQ
2031,8587,,,,,,RTAQGXBSDO
2032,8591,,,,,,RTGBEMFZNO
2033,8598,,,,,,RTKXUYGATG
2034,8606,,,,,,RTWIUWYGKP
2035,8610,,,,,,RUBEYQCJBJ
2036,8611,,,,,,RUENBQWBTY
2037,8618,,,,,,RUFAQXKBCW
2038,8630,,,,,,RUKGXYNKIG
2039,8635,,,,,,RUQHWTWNTS
2040,8639,,,,,,RUQKWTGGZW
2041,8644,,,,,,RUSAKXGRYP
2042,8646,,,,,,RUVBKQFKLV
2043,8655,,,,,,RUVTQMCOOW
2044,8657,,,,,,RUYGZYNESD
2045,8662,,,,,,RVASCJYIJA
2046,8668,,,,,,RVBQTRKGXL
2047,8670,,,,,,RVENOBWFUR
2048,8677,,,,,,RVGNCLYCFL
2049,8678,,,,,,RVMSZZDPNQ
2050,8680,,,,,,RVMVGHFUCU
2051,8681,,,,,,RVMYWKXHJP
2052,8684,,,,,,RVTKYPJXNN
2053,8687,,,,,,RWAHYEWWIJ
2054,8694,,,,,,RWNAOXGDLV
2055,8698,,,,,,RWOFRQNNBJ
2056,8708,,,,,,RWQKNZRIVB
2057,8714,,,,,,RXCRLMTNUZ
2058,8715,,,,,,RXDXXBXPRD
2059,8724,,,,,,RXSFAFBHIM
2060,8726,,,,,,RYKPGVCXBA
2061,8728,,,,,,RZUOTNOVKF
2062,8731,,,,,,SAAFCDSWCC
2063,8737,,,,,,SACGVDYWXR
2064,8747,,,,,,SAEIIPZTOQ
2065,8757,,,,,,SAKUUURMJB
2066,8763,,,,,,SAUNAWXLAO
2067,8765,,,,,,SAUTUJZJKV
2068,8767,,,,,,SAVBYAAXCY
2069,8768,,,,,,SBBBEDYHCI
2070,8771,,,,,,SBJDEYMALZ
2071,8772,,,,,,SBSBLVPGUR
2072,8777,,,,,,SCHGLZATBF
2073,8788,,,,,,SCIPTBCGIO
2074,8790,,,,,,SCKBTGYQDW
2075,8799,,,,,,SCMAXHERRE
2076,8801,,,,,,SDNQBCHWEX
2077,8807,,,,,,SEHJHNPOPG
2078,8809,,,,,,SEQCZOTPYU
2079,8812,,,,,,SFHIUFVTDB
2080,8815,,,,,,SGFWTTZBMR
2081,8819,,,,,,SGHPHRPZRR
2082,8828,,,,,,SGONDKEWWI
2083,8829,,,,,,SGSVVPUTKS
2084,8831,,,,,,SGXJCKRHAX
2085,8832,,,,,,SGXWRRJRKU
2086,8836,,,,,,SHCDANVZGZ
2087,8837,,,,,,SHKBQTZWSS
2088,8840,,,,,,SHOYEGWUSO
2089,8843,,,,,,SHSQGQFVRJ
2090,8844,,,,,,SHXIPOAIOJ
2091,8845,,,,,,SHXLGEIWRT
2092,8847,,,,,,SIDCGRUUZP
2093,8853,,,,,,SIEAGSEHEF
2094,8856,,,,,,SIOXCOJDPW
2095,8862,,,,,,SIQBEXSKSD
2096,8863,,,,,,SIRKWRKFHO
2097,8869,,,,,,SJAPYDZGDV
2098,8880,,,,,,SJCMNYJLLY
2099,8884,,,,,,SJGDAANOYJ
2100,8901,,,,,,SJGRDZTJOQ
2101,8905,,,,,,SJHLDZXIIV
2102,8908,,,,,,SJIQQLAZKV
2103,8912,,,,,,SJJUXAQJCD
2104,8914,,,,,,SJMOFHRIKD
2105,8916,,,,,,SJSCXVUKHH
2106,8918,,,,,,SJWBAZVCLP
2107,8919,,,,,,SKDUCKPVCE
2108,8920,,,,,,SKHJAYCLJR
2109,8922,,,,,,SKMOUGULLD
2110,8926,,,,,,SKPAAAULAC
2111,8928,,,,,,SKQKCUPFYQ
2112,8932,,,,,,SKZABXPEBJ
2113,8933,,,,,,SLLWYATCAI
2114,8937,,,,,,SLPZBURUFG
2115,8939,,,,,,SMKLJTDRID
2116,8940,,,,,,SMQAFHAXDA
2117,8942,,,,,,SMTAACMZBK
2118,8943,,,,,,SNBUSTBMMK
2119,8944,,,,,,SNDYIUCQAE
2120,8947,,,,,,SNJWFDZFVA
2121,8954,,,,,,SNMSATHWVR
2122,8955,,,,,,SNNHMBOBXZ
2123,8956,,,,,,SOECBZQBCV
2124,8957,,,,,,SOFZTOQUHE
2125,8958,,,,,,SOGYFLQCTV
2126,8961,,,,,,SOKUKSZQWS
2127,8966,,,,,,SOMOYBNEQM
2128,8967,,,,,,SOYGIRNMVG
2129,8968,,,,,,SPLUQDKFMN
2130,8974,,,,,,SPWNMQUWDX
2131,8975,,,,,,SQEHGFAJHW
2132,8976,,,,,,SQKPERQWGO
2133,8978,,,,,,SQNBXJNFSJ
2134,8982,,,,,,SQOKGFHUZW
2135,8983,,,,,,SQVWDWVAXV
2136,8993,,,,,,SQWEFYXHWS
2137,9003,,,,,,SRCGDDJHBN
2138,9005,,,,,,SREGHYSIQZ
2139,9009,,,,,,SSKURYLYZP
2140,9015,,,,,,SSTLMNLTLH
2141,9017,,,,,,SSZDSRLDJP
2142,9018,,,,,,STERGDNWXV
2143,9019,,,,,,STMXOSMSKD
2144,9027,,,,,,STNMMWRGNJ
2145,9030,,,,,,STRLZPAQID
2146,9036,,,,,,STWPXVNOWA
2147,9039,,,,,,STXPGPIRVM
2148,9045,,,,,,SUJXJJNHSY
2149,9051,,,,,,SUUTOJQNYX
2150,9052,,,,,,SUVDTVEERU
2151,9059,,,,,,SUZAZWTDMK
2152,9063,,,,,,SVBIVGRYQT
2153,9065,,,,,,SVSHIGYOEX
2154,9066,,,,,,SVYESOOFWR
2155,9075,,,,,,SVZOCGLGJQ
2156,9076,,,,,,SWDEPMTWNT
2157,9077,,,,,,SWTVRGRDVV
2158,9078,,,,,,SXLZOCVZRY
2159,9081,,,,,,SXQIAHQLHL
2160,9083,,,,,,SXWABXPLOD
2161,9097,,,,,,SXWSLWONYZ
2162,9106,,,,,,SYFYYORJXC
2163,9107,,,,,,SYJOYIZCAW
2164,9109,,,,,,SYJUCSTRZE
2165,9119,,,,,,SZHFWWYORF
2166,9121,,,,,,SZKJJXOXFW
2167,9122,,,,,,SZPJDWZFKB
2168,9124,,,,,,SZYZIOBWSP
2169,9126,,,,,,TADAHZBGFS
2170,9127,,,,,,TAQJCBGQKM
2171,9135,,,,,,TAYZJKDPWR
2172,9141,,,,,,TBAMBLSUOW
2173,9147,,,,,,TBHJNNWCXA
2174,9153,,,,,,TBOHVHBVHZ
2175,9157,,,,,,TBOXJQQNEA
2176,9159,,,,,,TBZQLVKYBF
2177,9161,,,,,,TCGQXEIWNJ
2178,9163,,,,,,TCOMYVTCFB
2179,9165,,,,,,TCTYJLSZJC
2180,9174,,,,,,TCXBEACWDR
2181,9176,,,,,,TCXYHIZXND
2182,9180,,,,,,TDAWIZRNQC
2183,9183,,,,,,TDCYDPSNSA
2184,9191,,,,,,TDEPBBPPHX
2185,9192,,,,,,TDEYMRGPQD
2186,9193,,,,,,TDONYPJQLB
2187,9206,,,,,,TDPRQIMSGW
2188,9215,,,,,,TDQIHBITTJ
2189,9216,,,,,,TECWTASWDE
2190,9221,,,,,,TETASKGNVG
2191,9231,,,,,,TFFIBPOIUW
2192,9234,,,,,,TFHYNUQNMZ
2193,9240,,,,,,TFSGVRKGOZ
2194,9248,,,,,,TFSLPXACCH
2195,9250,,,,,,TFTQSWIQUO
2196,9254,,,,,,TFWLENSXYX
2197,9255,,,,,,TGCRFBYXAV
2198,9261,,,,,,TGRJGUKZXV
2199,9262,,,,,,TGSLFQDOOY
2200,9263,,,,,,TGZHTOOPYP
2201,9264,,,,,,THDAXRZZCZ
2202,9274,,,,,,THDKDGHOWS
2203,9278,,,,,,THIOCXMDVS
2204,9280,,,,,,THQAVKAGQW
2205,9283,,,,,,THQLDCDOYN
2206,9288,,,,,,THXBBCVKRR
2207,9292,,,,,,TIHKOAMSAF
2208,9293,,,,,,TIMEKZZXDN
2209,9297,,,,,,TISJOGISFJ
2210,9300,,,,,,TIUKJBDQNC
2211,9303,,,,,,TJQXUVZUMH
2212,9313,,,,,,TJSCNNOLPC
2213,9314,,,,,,TKHEOPJHHX
2214,9319,,,,,,TKPXOOQDYB
2215,9321,,,,,,TKWFOYOILT
2216,9324,,,,,,TKXEPUZMSX
2217,9330,,,,,,TLBVFTMBPN
2218,9332,,,,,,TLDDQKBQEW
2219,9333,,,,,,TLHITDPRSA
2220,9348,,,,,,TLRDJMXFGT
2221,9357,,,,,,TMAVYVWSQQ
2222,9358,,,,,,TMOMHXSGMX
2223,9372,,,,,,TMXFGDDXQM
2224,9374,,,,,,TMZQAICEFX
2225,9379,,,,,,TNCSUPEEVY
2226,9381,,,,,,TNGXBLJHQZ
2227,9382,,,,,,TNMEKAVGLW
2228,9383,,,,,,TNRLONNUAA
2229,9384,,,,,,TOIVIYVAEG
2230,9388,,,,,,TOLLJXXMVY
2231,9397,,,,,,TOMUWSDIYR
2232,9405,,,,,,TOSQZZOGEP
2233,9411,,,,,,TOWYEVPYHY
2234,9414,,,,,,TPLAPGPIHE
2235,9415,,,,,,TPLPJVXCAS
2236,9422,,,,,,TPRJOSVDOY
2237,9431,,,,,,TPRTMRDJJD
2238,9433,,,,,,TPSXHZKXEP
2239,9435,,,,,,TQAQSPAERS
2240,9437,,,,,,TQEYWDQUPT
2241,9438,,,,,,TQWGKPRCQH
2242,9456,,,,,,TRHILNUMZI
2243,9461,,,,,,TRRFHUEWTD
2244,9471,,,,,,TSAJSOJWXU
2245,9472,,,,,,TSOTRISAEY
2246,9479,,,,,,TSUUHIBPBM
2247,9481,,,,,,TTJGKZQDZT
2248,9484,,,,,,TTTJCDBBJB
2249,9486,,,,,,TTUJEMBQWV
2250,9513,,,,,,TTVFUYMIVE
2251,9515,,,,,,TTYTCFGHXY
2252,9517,,,,,,TUIBXHWESG
2253,9520,,,,,,TUICNOJJRT
2254,9521,,,,,,TUKZRKNGZC
2255,9525,,,,,,TUTMSFSEGN
2256,9527,,,,,,TUVUXRLMJS
2257,9529,,,,,,TUYGXSKAKG
2258,9531,,,,,,TVBPUHZKZA
2259,9532,,,,,,TVICAKEHXP
2260,9537,,,,,,TVMXOCCFJS
2261,9540,,,,,,TVPEIKQUTF
2262,9543,,,,,,TVPZQNANIZ
2263,9545,,,,,,TWERYGENLM
2264,9550,,,,,,TWZUFADPZT
2265,9558,,,,,,TXANXRSAOU
2266,9580,,,,,,TXHPFUUWBK
2267,9583,,,,,,TXJIXBWONY
2268,9586,,,,,,TXNJZYXHEV
2269,9589,,,,,,TYTUYAKPGI
2270,9591,,,,,,TYVFMQOHFJ
2271,9597,,,,,,TYXRBZNXNE
2272,9603,,,,,,TZCOBDIVXN
2273,9609,,,,,,TZDBSEXUYY
2274,9616,,,,,,TZFXDEZAIO
2275,9617,,,,,,TZGROQOJPY
2276,9619,,,,,,TZLNPRFIIN
2277,9620,,,,,,UBGECTWTRF
2278,9621,,,,,,UBPLNTHUZX
2279,9623,,,,,,UBPUHKKFDL
2280,9625,,,,,,UCAMJOSRRK
2281,9628,,,,,,UCGXNIIXVR
2282,9630,,,,,,UCJCJMLTPM
2283,9637,,,,,,UCQYAPQFYU
2284,9638,,,,,,UDAZKCAPTA
2285,9647,,,,,,UDJWAFZMTV
2286,9651,,,,,,UDVAEYYGKV
2287,9652,,,,,,UEEWQDOTXP
2288,9653,,,,,,UEFLVYDCSU
2289,9654,,,,,,UENATBULHC
2290,9669,,,,,,UERFQZPFRA
2291,9672,,,,,,UFBPQTMYTJ
2292,9675,,,,,,UFFRUFQLMG
2293,9679,,,,,,UFQESQDFKN
2294,9681,,,,,,UFRUGEIZMN
2295,9682,,,,,,UGHFDHTXRD
2296,9687,,,,,,UGHKKMOKNV
2297,9698,,,,,,UGJNOFWVVX
2298,9703,,,,,,UGTGZOCELN
2299,9707,,,,,,UGTMGEEHZN
2300,9708,,,,,,UGUSDOPQXQ
2301,9709,,,,,,UHUYNDGDLY
2302,9716,,,,,,UIYVUXKCVW
2303,9717,,,,,,UJHPPHYJPV
2304,9718,,,,,,UJKCVSBKNM
2305,9722,,,,,,UJMODBVGXQ
2306,9732,,,,,,UJNZOXTAUV
2307,9736,,,,,,UJPPDPFFGB
2308,9738,,,,,,UJWHIBMDAD
2309,9739,,,,,,UJZOJNPBMC
2310,9743,,,,,,UJZRSXHKRH
2311,9744,,,,,,UKCNUIXOTJ
2312,9745,,,,,,UKEAVDRBIM
2313,9748,,,,,,UKOCNMXYTV
2314,9750,,,,,,UKRBBANIBF
2315,9752,,,,,,UKTNYHZETE
2316,9754,,,,,,UKTRNUYUTW
2317,9759,,,,,,UKVZKJVLSY
2318,9769,,,,,,ULJKQWIGKR
2319,9770,,,,,,ULLNQCLXKE
2320,9771,,,,,,ULLZQCGVGX
2321,9772,,,,,,ULPKCVRDNL
2322,9774,,,,,,UMDCYHOPAG
2323,9779,,,,,,UMHDEYCNOA
2324,9781,,,,,,UMNIWUVVDM
2325,9787,,,,,,UMXTNNDJZF
2326,9789,,,,,,UMXWNANCFB
2327,9791,,,,,,UNOUZZVWBD
2328,9792,,,,,,UNPRBSVZIH
2329,9793,,,,,,UNUSNTTYXR
2330,9794,,,,,,UOFHSNABFH
2331,9801,,,,,,UOIFWLFBND
2332,9803,,,,,,UOPIHAFHRC
2333,9804,,,,,,UPELAESVFE
2334,9809,,,,,,UPJHDYQJPZ
2335,9810,,,,,,UPOZGNPFCQ
2336,9812,,,,,,UPXMXNQPFS
2337,9819,,,,,,URCHJWNPVK
2338,9824,,,,,,URFJCBHCVR
2339,9826,,,,,,UROXWOUFBL
2340,9835,,,,,,URPPWOXMRQ
2341,9846,,,,,,URQKOWQDRJ
2342,9847,,,,,,URVARRIBAV
2343,9849,,,,,,URVRLHCXGT
2344,9850,,,,,,USEDQJJTXO
2345,9854,,,,,,USIXPGLKHG
2346,9862,,,,,,USLSSFIDYW
2347,9864,,,,,,USMNUCWHSH
2348,9865,,,,,,USSMVNOYXN
2349,9868,,,,,,USYNEBBACD
2350,9869,,,,,,UTIMHHOHJP
2351,9873,,,,,,UTLWLEORYD
2352,9874,,,,,,UTUNLALFHY
2353,9879,,,,,,UUQLDYXWJR
2354,9898,,,,,,UVOOKLHPPX
2355,9901,,,,,,UVPDZJTCCY
2356,9902,,,,,,UVSZGNITOF
2357,9903,,,,,,UVUBIERIOB
2358,9905,,,,,,UVUGCCQAPY
2359,9912,,,,,,UVZAQWHCUK
2360,9917,,,,,,UWLCCXVHKH
2361,9921,,,,,,UWPRAWXWVI
2362,9922,,,,,,UWPYDDUWKA
2363,9928,,,,,,UWRIJQLQJL
2364,9930,,,,,,UWVNBAHBLJ
2365,9937,,,,,,UWYUXQUJDJ
2366,9939,,,,,,UXBAWFBGUO
2367,9942,,,,,,UXDNPTPECX
2368,9945,,,,,,UXHKQSMYVV
2369,9953,,,,,,UXMMWSCPIB
2370,9957,,,,,,UYLYZIPJWQ
2371,9960,,,,,,UZCBTDSYBG
2372,9961,,,,,,UZIDJUEORE
2373,9969,,,,,,UZKIBZVDHF
2374,9970,,,,,,UZLJPVTCXM
2375,9981,,,,,,UZNAINNFPP
2376,9988,,,,,,UZNPIVTKAE
2377,9990,,,,,,VABPPLPKBI
2378,9999,,,,,,VAEMAQTLXO
2379,10001,,,,,,VAPDKQDUXN
2380,10005,,,,,,VARKGSYEIV
2381,10026,,,,,,VAUSUPUYIY
2382,10029,,,,,,VBEIGJQTXG
2383,10032,,,,,,VBIKENPYCB
2384,10036,,,,,,VBIVRLQJLG
2385,10038,,,,,,VBLGHLMEVE
2386,10039,,,,,,VBLOZZZWJS
2387,10041,,,,,,VBMYIHESMS
2388,10052,,,,,,VBZKNCFPBU
2389,10059,,,,,,VCBSIYWQGY
2390,10064,,,,,,VCDZUIQOPB
2391,10066,,,,,,VCECJKUKUM
2392,10067,,,,,,VCNKGSMDCS
2393,10073,,,,,,VCXQRWUNDL
2394,10077,,,,,,VCYZMNQFYN
2395,10081,,,,,,VDBWHAWROU
2396,10082,,,,,,VDDDXLVYGW
2397,10083,,,,,,VDDYNXOWXC
2398,10084,,,,,,VDEQNVNZEU
2399,10087,,,,,,VDNVRNQBWI
2400,10091,,,,,,VDQHHTWPAP
2401,10093,,,,,,VDTSJQOFMT
2402,10096,,,,,,VDUODCFMKI
2403,10101,,,,,,VDWFQGALHA
2404,10126,,,,,,VEANALHEQH
2405,10137,,,,,,VEHKOTILTM
2406,10139,,,,,,VEYIFYUIOP
2407,10140,,,,,,VFOKVUEWNV
2408,10144,,,,,,VFOTWYAXYQ
2409,10152,,,,,,VFRWGXREVC
2410,10158,,,,,,VFVYNUSVFY
2411,10164,,,,,,VGFGAEHIDL
2412,10165,,,,,,VGOIEBGGHT
2413,10170,,,,,,VGRTXESVAH
2414,10177,,,,,,VGWFFDFJHT
2415,10187,,,,,,VHANYAULAG
2416,10195,,,,,,VHBMDGBJIO
2417,10201,,,,,,VHIAQAURPA
2418,10202,,,,,,VHKODSIJXM
2419,10203,,,,,,VIBQTNWXXU
2420,10205,,,,,,VIIBIKIXLL
2421,10212,,,,,,VIJXQCYDEW
2422,10213,,,,,,VIQFFCXSET
2423,10223,,,,,,VIQNDTATLY
2424,10225,,,,,,VIUBBRYEBQ
2425,10226,,,,,,VJCVOXCWEB
2426,10234,,,,,,VJERIFVDJQ
2427,10235,,,,,,VKAYUAPTNB
2428,10238,,,,,,VKGWFOFWLM
2429,10242,,,,,,VKTDAARAJW
2430,10246,,,,,,VKYGHKEKLI
2431,10250,,,,,,VLDOXNOAHL
2432,10252,,,,,,VLILDSMGRB
2433,10257,,,,,,VLWURMMMEP
2434,10259,,,,,,VLYTSSYJUK
2435,10260,,,,,,VLZPJZILVL
2436,10273,,,,,,VMATALNNXF
2437,10276,,,,,,VMENIJZZYY
2438,10281,,,,,,VMGGBQYPVQ
2439,10282,,,,,,VMYEOKBUGE
2440,10286,,,,,,VMYGFSSWHA
2441,10287,,,,,,VMZSXEUJHH
2442,10288,,,,,,VNKJUWKOIU
2443,10293,,,,,,VNROWNIFOD
2444,10301,,,,,,VNSLPNXZIC
2445,10305,,,,,,VNWHTKCVXP
2446,10308,,,,,,VNWWPEYHCM
2447,10311,,,,,,VOOMUXMMFN
2448,10314,,,,,,VOOTYELWHE
2449,10316,,,,,,VOSPJOFGNR
2450,10317,,,,,,VOZPKNVDCV
2451,10327,,,,,,VPNYVMTMDF
2452,10329,,,,,,VPPNYZFRHL
2453,10331,,,,,,VPRXZMKDJI
2454,10332,,,,,,VPSIPSEOYE
2455,10333,,,,,,VPXPMLRPVQ
2456,10334,,,,,,VPYDBZVHTE
2457,10336,,,,,,VQDJFCGZCG
2458,10339,,,,,,VQIEBSMYCF
2459,10342,,,,,,VQXJSTIGGA
2460,10348,,,,,,VRCETIUTBT
2461,10349,,,,,,VRDMLMJLQY
2462,10350,,,,,,VRQXHUISKH
2463,10351,,,,,,VRSTCDGDOY
2464,10355,,,,,,VRTMBXAOOI
2465,10359,,,,,,VRXWOIKQNB
2466,10360,,,,,,VRZLTAZKAD
2467,10361,,,,,,VSAOUGQGCK
2468,10364,,,,,,VSWIZRHHEH
2469,10365,,,,,,VTHEXUZWCX
2470,10366,,,,,,VTRXRQCUXZ
2471,10369,,,,,,VTTOIIOXSX
2472,10371,,,,,,VUBQAVNTFU
2473,10373,,,,,,VUCVHLKJJO
2474,10382,,,,,,VUHMNPTSUU
2475,10397,,,,,,VUHSWNMGHH
2476,10399,,,,,,VUNWIDSOJT
2477,10401,,,,,,VUTPHFUBUJ
2478,10403,,,,,,VUZLWIFHQJ
2479,10406,,,,,,VVCTIPGMMH
2480,10410,,,,,,VVEBTCTKRN
2481,10412,,,,,,VWCZHHAPAU
2482,10414,,,,,,VWNSYLULUL
2483,10421,,,,,,VWPTBVEGYT
2484,10424,,,,,,VWTTZIOENI
2485,10430,,,,,,VXIBXYIHMJ
2486,10433,,,,,,VXIOAQCPBJ
2487,10434,,,,,,VXSNARFIXG
2488,10437,,,,,,VXZAJDYYLZ
2489,10438,,,,,,VYCFXBNCAN
2490,10454,,,,,,VYGUUBQDJB
2491,10456,,,,,,VYJOXMHJCS
2492,10465,,,,,,VYQEGSTUJU
2493,10466,,,,,,VYSJANYMXR
2494,10470,,,,,,VYXIGQJMQU
2495,10473,,,,,,VZEWEVCVSO
2496,10480,,,,,,VZFEYUGVWT
2497,10483,,,,,,VZFSLAZBIV
2498,10489,,,,,,VZMPFDXVEW
2499,10491,,,,,,VZRGXAPEEP
2500,10496,,,,,,VZSJBBWGJT
2501,10499,,,,,,WAJYMEGFNZ
2502,10508,,,,,,WAPEOCCPJL
2503,10510,,,,,,WAQETBIASO
2504,10521,,,,,,WAWRWRJXVS
2505,10523,,,,,,WBAKOJOYNQ
2506,10525,,,,,,WBHXBGCPZU
2507,10531,,,,,,WBKEOBLTHS
2508,10533,,,,,,WBLJCWRVNA
2509,10539,,,,,,WCMWXEJLRY
2510,10541,,,,,,WDCBAOBGWP
2511,10554,,,,,,WDCVWVFQAL
2512,10557,,,,,,WDGHCJOPHW
2513,10563,,,,,,WDIFPOWXAN
2514,10565,,,,,,WDRORMPQQM
2515,10566,,,,,,WDYRTNFZQW
2516,10569,,,,,,WEDCCDIOBH
2517,10571,,,,,,WEGVRIRPQK
2518,10578,,,,,,WFFFEQNNMN
2519,10585,,,,,,WFGDMSXQSI
2520,10586,,,,,,WFXXIUJUYC
2521,10588,,,,,,WGLVBWTJPD
2522,10590,,,,,,WHFJUTFIDR
2523,10592,,,,,,WHRHEXEPOM
2524,10596,,,,,,WIFFOMLILV
2525,10602,,,,,,WIKKFUACND
2526,10606,,,,,,WIMPZBVRJC
2527,10612,,,,,,WIXYEDDWFR
2528,10618,,,,,,WJGEPPPWKP
2529,10629,,,,,,WJTEHMDPYH
2530,10632,,,,,,WKRULOAIHM
2531,10640,,,,,,WKTUEVGAZY
2532,10642,,,,,,WKUVKBVOSO
2533,10643,,,,,,WLDRVFZWFY
2534,10645,,,,,,WLFAWXHCGY
2535,10649,,,,,,WLJDVOFXNJ
2536,10652,,,,,,WLNKLAEIGK
2537,10654,,,,,,WLOPUUZXTP
2538,10664,,,,,,WLZAXXKFGX
2539,10669,,,,,,WMBULRRBFC
2540,10671,,,,,,WMHSMDQRTP
2541,10683,,,,,,WMIVPJOMHB
2542,10687,,,,,,WMJRZJNUMI
2543,10690,,,,,,WMWKVKMISY
2544,10709,,,,,,WMYSOCTNLN
2545,10712,,,,,,WMZVZJRLDV
2546,10716,,,,,,WNEEXKQGLA
2547,10723,,,,,,WNKCTHUHYI
2548,10727,,,,,,WNNOQOCXTZ
2549,10728,,,,,,WNWKMPNYUN
2550,10729,,,,,,WOOEJRSGNW
2551,10737,,,,,,WOVQDNQQKH
2552,10738,,,,,,WPAJQHLSUR
2553,10740,,,,,,WPIBIYUVPB
2554,10741,,,,,,WPMLBZYYTW
2555,10752,,,,,,WQCCQJTEEE
2556,10756,,,,,,WQCXHPIDID
2557,10757,,,,,,WQDIFCDCRS
2558,10758,,,,,,WQGDNPLCNO
2559,10765,,,,,,WQNARHEDIF
2560,10768,,,,,,WQNPMYWEDE
2561,10776,,,,,,WRNDDIOMVG
2562,10777,,,,,,WRQNMUXJJP
2563,10782,,,,,,WRUSXPGONO
2564,10788,,,,,,WSJDBMRINA
2565,10795,,,,,,WSQVNMPZOH
2566,10799,,,,,,WSTDBZCCQO
2567,10800,,,,,,WSTRVGESFM
2568,10802,,,,,,WTBXOREYRJ
2569,10810,,,,,,WTCRSSFHHW
2570,10812,,,,,,WTDFTHDIPV
2571,10816,,,,,,WTFNQXEEJZ
2572,10818,,,,,,WTHFISAUYN
2573,10819,,,,,,WTKLYIATDL
2574,10821,,,,,,WTUYXMJCLQ
2575,10828,,,,,,WUFPIDMRKY
2576,10829,,,,,,WUHVBHVTYP
2577,10837,,,,,,WUMFFJAHAF
2578,10838,,,,,,WUUEOSAGWD
2579,10840,,,,,,WVEJRCAFIK
2580,10841,,,,,,WVMKZTSFEG
2581,10851,,,,,,WVMSKCJYLN
2582,10855,,,,,,WWIBHNOGQO
2583,10860,,,,,,WWWUCLGUCO
2584,10863,,,,,,WWXKLNYLDU
2585,10867,,,,,,WWYOUYKKUS
2586,10871,,,,,,WXLVVCKYST
2587,10877,,,,,,WXPMDRNEZT
2588,10881,,,,,,WXPSYNPDOA
2589,10883,,,,,,WXQTBSKVVG
2590,10886,,,,,,WXYQNTIPVR
2591,10888,,,,,,WYMNLYJMWD
2592,10895,,,,,,WYNUJAWIDA
2593,10902,,,,,,WYRHXLWMAY
2594,10903,,,,,,WYVXJIWYFC
2595,10906,,,,,,WZKHEMBXFN
2596,10910,,,,,,WZQZKMNLYD
2597,10917,,,,,,WZRKSZNUWI
2598,10923,,,,,,WZRNPUPQIO
2599,10924,,,,,,WZVVXMRKYV
2600,10927,,,,,,XACONSTNWH
2601,10931,,,,,,XAMBATUBVE
2602,10933,,,,,,XATDZAOTAM
2603,10940,,,,,,XBOKHZRNIX
2604,10944,,,,,,XBQWBGSTFB
2605,10945,,,,,,XBXYJJZTAH
2606,10948,,,,,,XBYXPBSOCE
2607,10950,,,,,,XCESINRFTX
2608,10951,,,,,,XCJETCTITO
2609,10952,,,,,,XCUTDIQPIM
2610,10964,,,,,,XDCOHUXDBS
2611,10966,,,,,,XDFBBSBHKN
2612,10968,,,,,,XDFCAGMMHJ
2613,10978,,,,,,XDHWGYRHSB
2614,10983,,,,,,XDPBOILMLF
2615,10984,,,,,,XDXMSTDEKY
2616,10987,,,,,,XEGPZVRLUC
2617,10993,,,,,,XEJQVAJUEY
2618,10999,,,,,,XESIROZJQI
2619,11009,,,,,,XFJNKMTNVK
2620,11010,,,,,,XFPFTLIJIK
2621,11021,,,,,,XFPOXGFHQY
2622,11031,,,,,,XFRFGSVNMA
2623,11035,,,,,,XFZRAHQYZT
2624,11036,,,,,,XGEMDIGZSE
2625,11042,,,,,,XGFYZZUXJR
2626,11044,,,,,,XGJLIYOJTW
2627,11047,,,,,,XGOBWHTTMW
2628,11050,,,,,,XGRXEJYMAW
2629,11056,,,,,,XGWEHOZUWS
2630,11059,,,,,,XHIOCBXKJJ
2631,11066,,,,,,XHXQHSLVIF
2632,11068,,,,,,XIGVRDUCVE
2633,11072,,,,,,XIUKYOUTHZ
2634,11078,,,,,,XJBVYLOZVE
2635,11081,,,,,,XJMJZQDDJC
2636,11093,,,,,,XJNSFDFXKM
2637,11097,,,,,,XJSTKQNVOV
2638,11100,,,,,,XJZQYINHYO
2639,11101,,,,,,XKBFTSCXBX
2640,11103,,,,,,XKVXTLPTCR
2641,11105,,,,,,XLEMVIZGQX
2642,11111,,,,,,XLLBMYRTKT
2643,11113,,,,,,XLTPDCZCPN
2644,11114,,,,,,XMAQJUOCAK
2645,11115,,,,,,XMLOSUAWEN
2646,11117,,,,,,XNOJWXMYXO
2647,11124,,,,,,XNQPVPMEUU
2648,11134,,,,,,XNVFCAOPJW
2649,11135,,,,,,XNVURJEHVZ
2650,11141,,,,,,XNWQSLABMA
2651,11146,,,,,,XNXMQBHBJP
2652,11147,,,,,,XNYHBTBNDJ
2653,11150,,,,,,XOAFELNOVA
2654,11151,,,,,,XOAVQSMOKE
2655,11156,,,,,,XOHIXWNCPL
2656,11157,,,,,,XOKTNESPEO
2657,11158,,,,,,XOLXNLHBCZ
2658,11161,,,,,,XOTTQVKLOI
2659,11166,,,,,,XOURFSTXDJ
2660,11169,,,,,,XOVJNQKNMH
2661,11170,,,,,,XPEASYVAOS
2662,11171,,,,,,XPGTJYVEWP
2663,11173,,,,,,XPHUHKFMCW
2664,11174,,,,,,XPKYEUTLCU
2665,11176,,,,,,XPMFZVVPXN
2666,11184,,,,,,XPQUCNXGBX
2667,11189,,,,,,XQAGOWBZJU
2668,11190,,,,,,XQBMHXYVBZ
2669,11197,,,,,,XQYEGAKKGN
2670,11200,,,,,,XRCDMRZGUH
2671,11201,,,,,,XRYYIPMYJL
2672,11202,,,,,,XRZIBTHIMT
2673,11203,,,,,,XSFSHIBNJG
2674,11205,,,,,,XSLKJIFMPZ
2675,11208,,,,,,XSMVTQDUWG
2676,11215,,,,,,XSUHPGZSAB
2677,11220,,,,,,XSVYRBTIAE
2678,11222,,,,,,XSWOEMOKDC
2679,11232,,,,,,XTAQSUSRGI
2680,11234,,,,,,XTFSJKPKHL
2681,11240,,,,,,XTOIAZWGRX
2682,11242,,,,,,XTRZSDPVVV
2683,11251,,,,,,XTTSRPLQSZ
2684,11252,,,,,,XUBXVPNXOG
2685,11263,,,,,,XUDWKHCOTH
2686,11264,,,,,,XUHJJUYYSG
2687,11266,,,,,,XVACGPNCAJ
2688,11271,,,,,,XVIYJBRRJE
2689,11276,,,,,,XVJVIBCAZY
2690,11277,,,,,,XVQZAIRUWU
2691,11279,,,,,,XWCTFCFFVJ
2692,11280,,,,,,XWDUZFQPLE
2693,11284,,,,,,XWHXETOMIX
2694,11285,,,,,,XWIAMAWKZJ
2695,11286,,,,,,XWLQHERGPM
2696,11288,,,,,,XWLWOQJLSZ
2697,11289,,,,,,XWPFZBHOHQ
2698,11290,,,,,,XWQWCHEPGD
2699,11293,,,,,,XWSHYWZUFH
2700,11294,,,,,,XWSYJJIENY
2701,11304,,,,,,XXHJUVIGCR
2702,11308,,,,,,XXKQHJPKHX
2703,11309,,,,,,XXPXVWXTHV
2704,11320,,,,,,XYECIRVNCY
2705,11331,,,,,,XZDBLHGFFB
2706,11337,,,,,,XZYATVARXG
2707,11344,,,,,,YACPQUXEWT
2708,11362,,,,,,YAEVFPSRXX
2709,11365,,,,,,YBHCUBLZYK
2710,11368,,,,,,YBKPZBTEOV
2711,11369,,,,,,YBTSOYXSJJ
2712,11371,,,,,,YCQPNMJQIA
2713,11375,,,,,,YDLEBDPLGS
2714,11380,,,,,,YDOGOCUAPP
2715,11405,,,,,,YDQSDEDFYL
2716,11409,,,,,,YDRHCSFEYB
2717,11412,,,,,,YDSYXTXNUN
2718,11417,,,,,,YDVOCKTHPX
2719,11423,,,,,,YDXMYVNMDR
2720,11428,,,,,,YEDKKQPOOE
2721,11434,,,,,,YESNTPBGXL
2722,11436,,,,,,YETRUHPMJA
2723,11440,,,,,,YEWTFMGSMN
2724,11442,,,,,,YFKCVZSAJF
2725,11444,,,,,,YFROGHEYSX
2726,11456,,,,,,YGBRWVUUGR
2727,11461,,,,,,YGCCOARDSL
2728,11462,,,,,,YGCVQEXHQN
2729,11463,,,,,,YGLLRNOUHW
2730,11467,,,,,,YGQFYQIJUM
2731,11473,,,,,,YGSUYNNRKN
2732,11479,,,,,,YGYILEPHFK
2733,11483,,,,,,YHAFDIRCLQ
2734,11487,,,,,,YHAIDNMWLX
2735,11492,,,,,,YHGCDBUZOO
2736,11495,,,,,,YHOLTTBSIY
2737,11498,,,,,,YHQRIVNDFA
2738,11504,,,,,,YHQTJZTBNI
2739,11505,,,,,,YHTRFQBWHB
2740,11506,,,,,,YHWIIZTNTI
2741,11508,,,,,,YHWZAZEZIA
2742,11509,,,,,,YIHOQTHTKQ
2743,11511,,,,,,YIMMKXJWGN
2744,11512,,,,,,YIOTJVIGUL
2745,11514,,,,,,YIRZRYJTJX
2746,11518,,,,,,YJBGPEDKZH
2747,11521,,,,,,YJUWGABPSV
2748,11525,,,,,,YKEFTGFYKU
2749,11537,,,,,,YKEOETLNNG
2750,11540,,,,,,YKMNKMEOBP
2751,11542,,,,,,YKNBVXZXAP
2752,11543,,,,,,YKSZGXGEHF
2753,11546,,,,,,YLCEHNZABA
2754,11552,,,,,,YLDXHPXGGK
2755,11558,,,,,,YLGSEEROLP
2756,11561,,,,,,YLJXFOVMVA
2757,11565,,,,,,YLNMDXFHRD
2758,11567,,,,,,YLYOMGNIEN
2759,11572,,,,,,YMCVHZEBPP
2760,11575,,,,,,YMFDNPQKIM
2761,11577,,,,,,YMLKEECUNC
2762,11579,,,,,,YMPCXUJDLN
2763,11582,,,,,,YMSWEEJFRE
2764,11584,,,,,,YMVHSEWMYW
2765,11589,,,,,,YNADKXKUGZ
2766,11593,,,,,,YNEDSSCRJL
2767,11595,,,,,,YNHTKRKQXL
2768,11600,,,,,,YNPZDUBQMI
2769,11605,,,,,,YNTYNXRSVT
2770,11606,,,,,,YNWSJBWPHO
2771,11612,,,,,,YOBNHOXFYF
2772,11618,,,,,,YOGFHRSYPD
2773,11632,,,,,,YOLOCFCJGX
2774,11638,,,,,,YOLODVDAVI
2775,11652,,,,,,YOWFQDXBQL
2776,11669,,,,,,YPILOFTZHH
2777,11672,,,,,,YPPFACAGRP
2778,11674,,,,,,YPZFTJORJE
2779,11680,,,,,,YPZHPYRBVI
2780,11688,,,,,,YQRFAFTASN
2781,11690,,,,,,YRDZUMJJBQ
2782,11691,,,,,,YRGXMGUXZI
2783,11692,,,,,,YRPPHFWDQJ
2784,11701,,,,,,YRPTXYXQSZ
2785,11708,,,,,,YRVBVHQFCF
2786,11722,,,,,,YSQVJAKBWS
2787,11725,,,,,,YSTDQRMYHC
2788,11726,,,,,,YSWIFQYNKI
2789,11728,,,,,,YSXLFUOUDZ
2790,11730,,,,,,YTJRIQLIZD
2791,11737,,,,,,YTNTDRSNDE
2792,11739,,,,,,YTRGSLAFNU
2793,11746,,,,,,YTZNFSAUTJ
2794,11748,,,,,,YUORVWJVOA
2795,11750,,,,,,YUXIGLBVCB
2796,11754,,,,,,YVAZDWKCUX
2797,11756,,,,,,YVECHFQZFW
2798,11759,,,,,,YVEEUTXPTC
2799,11765,,,,,,YVEOZFKCYR
2800,11768,,,,,,YWAFEAPTQI
2801,11769,,,,,,YWYFUPYJSW
2802,11772,,,,,,YWYNMSWZMC
2803,11775,,,,,,YWZYSMFYQC
2804,11778,,,,,,YXEFHFVNFD
2805,11780,,,,,,YXUNPEIVKR
2806,11783,,,,,,YXZBNNGYQV
2807,11784,,,,,,YYKBCOPSON
2808,11785,,,,,,YZKWCMVGVO
2809,11789,,,,,,YZOZRBDXGB
2810,11790,,,,,,YZTGFFZRUA
2811,11795,,,,,,ZANROXSCOM
2812,11796,,,,,,ZAOUNXWMYT
2813,11806,,,,,,ZATHTDYYDU
2814,11808,,,,,,ZAZPQOMTIO
2815,11813,,,,,,ZBCTHMSRLX
2816,11815,,,,,,ZBCTRWKHUJ
2817,11818,,,,,,ZBJTYBIGGI
2818,11819,,,,,,ZBOKUFMDKQ
2819,11820,,,,,,ZCKJHCTUBT
2820,11830,,,,,,ZCNHYQKMGM
2821,11837,,,,,,ZCSGTZPNDP
2822,11840,,,,,,ZCXKLEKDVD
2823,11847,,,,,,ZCYZOTHJAE
2824,11852,,,,,,ZDCPFRDOKN
2825,11861,,,,,,ZDCQVADSDR
2826,11866,,,,,,ZDDWUVLDZV
2827,11883,,,,,,ZDEXQKJRXG
2828,11886,,,,,,ZDUWKBAHTW
2829,11888,,,,,,ZEFCXZTLLU
2830,11893,,,,,,ZEVIDAWEUO
2831,11894,,,,,,ZEXBAAOZGB
2832,11900,,,,,,ZEZZRTESNQ
2833,11907,,,,,,ZFKKOJKZLV
2834,11910,,,,,,ZGBEOYTVOQ
2835,11914,,,,,,ZGERWMHTRW
2836,11919,,,,,,ZGGYEKIYWW
2837,11924,,,,,,ZGJCPISZQU
2838,11927,,,,,,ZGTTOVGGVU
2839,11936,,,,,,ZHKJDKEPON
2840,11937,,,,,,ZHKZXJINRF
2841,11942,,,,,,ZHQVSVOYMT
2842,11943,,,,,,ZIAVCDMTEQ
2843,11951,,,,,,ZIGLMNRCWK
2844,11954,,,,,,ZIKWQWOVRZ
2845,11969,,,,,,ZILCLVQPLG
2846,11971,,,,,,ZJBSBTOVYX
2847,11972,,,,,,ZJCJSFHRVC
2848,11976,,,,,,ZJNRKCLLKA
2849,11985,,,,,,ZJUGXVVUWO
2850,12000,,,,,,ZJWMZFWXTS
2851,12002,,,,,,ZJXCKBOQME
2852,12005,,,,,,ZJXMJEWLYX
2853,12013,,,,,,ZJZCQKSMYW
2854,12016,,,,,,ZKAHTQKCOL
2855,12018,,,,,,ZKWSKJZRFJ
2856,12020,,,,,,ZLJQSRDJKX
2857,12021,,,,,,ZLMQOCTINW
2858,12026,,,,,,ZLPMBFEXTX
2859,12034,,,,,,ZLRFTHZWTP
2860,12037,,,,,,ZLTGMPFZUV
2861,12041,,,,,,ZLVKSPNPGD
2862,12042,,,,,,ZLZXFLZQFW
2863,12044,,,,,,ZMLLCXRBPK
2864,12046,,,,,,ZMQNARCFIU
2865,12048,,,,,,ZMYOICKKJG
2866,12050,,,,,,ZMZLRWNECU
2867,12051,,,,,,ZNDYTBXYHM
2868,12053,,,,,,ZNETCSGERB
2869,12058,,,,,,ZNTAATCTJF
2870,12061,,,,,,ZNTKHUJZBI
2871,12063,,,,,,ZNWLFQFUZH
2872,12064,,,,,,ZNXTPMBBCF
2873,12072,,,,,,ZNZTMJAHUE
2874,12075,,,,,,ZOFNELAOLR
2875,12079,,,,,,ZOHOAPIFNM
2876,12086,,,,,,ZOTJPOBMFK
2877,12088,,,,,,ZOYWTXPOZY
2878,12091,,,,,,ZPJCUXFDWE
2879,12095,,,,,,ZPPKHTFGLJ
2880,12101,,,,,,ZPRSUDKGIG
2881,12103,,,,,,ZPSTJUENYI
2882,12110,,,,,,ZPXBRFKZAU
2883,12112,,,,,,ZQFIPOQZHG
2884,12113,,,,,,ZQFLBOXLGI
2885,12118,,,,,,ZQFNXUWBEY
2886,12128,,,,,,ZQIHEJLMYU
2887,12129,,,,,,ZQJRKKGMYP
2888,12135,,,,,,ZQKSVRDHFS
2889,12136,,,,,,ZRAEEGVMQR
2890,12148,,,,,,ZSABSPEKWV
2891,12150,,,,,,ZSAZXEKIGH
2892,12156,,,,,,ZSLNFSZBIT
2893,12157,,,,,,ZSMCILPIZB
2894,12163,,,,,,ZSUEEXLUDD
2895,12168,,,,,,ZTCCCBRXLY
2896,12169,,,,,,ZTDOOARFJJ
2897,12170,,,,,,ZTSGZDWMAL
2898,12171,,,,,,ZTZJNOCBQQ
2899,12180,,,,,,ZUBLRJSFXT
2900,12191,,,,,,ZURDQBBFEY
2901,12192,,,,,,ZUXNRWGOBK
2902,12197,,,,,,ZUYVBMHCBS
2903,12202,,,,,,ZVEGTAWNMX
2904,12218,,,,,,ZVQUHIHGMV
2905,12219,,,,,,ZVRSISFRUI
2906,12220,,,,,,ZWCADXOTGL
2907,12222,,,,,,ZWECTJNDKB
2908,12226,,,,,,ZXKTFPKRES
2909,12236,,,,,,ZXOFCYLMSV
2910,12238,,,,,,ZXPGXOJPPY
2911,12241,,,,,,ZXTGCWPUUL
2912,12254,,,,,,ZXUVXRNSID
2913,12256,,,,,,ZYBUMTNCVY
2914,12261,,,,,,ZYKTZXDHHZ
2915,12267,,,,,,ZYMJVDMGZY
2916,12271,,,,,,ZZDUIDJXXS
2917,12276,,,,,,ZZENJKIQTY
2918,12277,,,,,,ZZFPBNUSVL
2919,12278,,,,,,ZZGOQMDFDM
2920,12279,,,,,,ZZYRYYMZRX
2921,12284,,,,,,
2922,12285,,,,,,
2923,12297,,,,,,
2924,12300,,,,,,
2925,12309,,,,,,
2926,12310,,,,,,
2927,12316,,,,,,
2928,12323,,,,,,
2929,12325,,,,,,
2930,12326,,,,,,
2931,12327,,,,,,
2932,12328,,,,,,
2933,12330,,,,,,
2934,12334,,,,,,
2935,12337,,,,,,
2936,12343,,,,,,
